seed,boost,regime,n_meta,rcls_t,rupt_t,crit_t,max_rp,min_sep,min_elast,fatigue,ep_sep_mono,ep_fat_mono,ep_elast_mono
1,0.00,2,2,9,148,134,12.3111,0.0934,-0.01331,2.9366,1,1,1
2,0.00,2,2,17,147,134,12.3421,0.0941,-0.02048,3.0795,1,1,0
3,0.00,1,1,-1,151,136,12.1880,0.0931,-0.01337,3.0236,1,1,1
4,0.00,2,2,24,142,131,12.1236,0.0968,-0.02462,3.1330,1,1,0
5,0.00,2,2,10,147,132,12.0687,0.0934,-0.01495,3.0191,1,1,1
6,0.00,2,2,17,150,135,12.3275,0.0927,-0.01372,3.1374,1,1,1
7,0.00,2,2,13,147,137,12.1310,0.0970,-0.01428,2.9362,1,1,1
8,0.00,2,2,25,141,128,12.3100,0.0965,-0.02222,3.0692,1,1,0
9,0.00,2,2,16,151,136,12.3163,0.0916,-0.01335,3.3104,1,1,0
10,0.00,2,2,6,150,131,12.1920,0.0909,-0.01415,3.1015,1,1,1
11,0.00,2,2,10,148,133,12.3197,0.0931,-0.01340,2.9692,1,1,1
12,0.00,2,2,14,150,137,12.2571,0.0944,-0.01259,3.0127,1,1,1
13,0.00,2,2,20,146,134,12.1942,0.0942,-0.02117,3.1416,1,1,0
14,0.00,2,2,11,143,132,12.2154,0.0975,-0.01432,2.6892,1,1,1
15,0.00,2,2,26,153,137,12.2463,0.0911,-0.02001,3.4065,1,1,0
16,0.00,2,2,15,149,133,12.2516,0.0915,-0.01660,3.3621,1,1,0
17,0.00,2,2,5,148,138,12.1876,0.0963,-0.01338,2.8178,1,1,1
18,0.00,2,2,11,145,131,12.3101,0.0937,-0.01387,2.8955,1,1,1
19,0.00,2,2,20,152,135,12.1712,0.0899,-0.02154,3.5349,1,1,0
20,0.00,2,2,11,149,134,12.2696,0.0937,-0.01305,2.9850,1,1,1
21,0.00,2,2,17,142,129,12.2242,0.0950,-0.01830,2.9103,1,1,0
22,0.00,1,1,-1,151,136,12.3285,0.0916,-0.01365,3.0774,1,1,1
23,0.00,2,2,15,141,131,12.1235,0.0965,-0.01447,2.7771,1,1,0
24,0.00,2,2,15,152,134,12.2635,0.0906,-0.01335,3.2124,1,1,1
25,0.00,2,2,20,145,132,12.3111,0.0943,-0.01552,2.9390,1,1,1
26,0.00,2,2,10,143,133,12.1524,0.0976,-0.01281,2.6807,1,1,1
27,0.00,2,2,21,146,134,12.1339,0.0953,-0.02342,3.2777,1,1,0
28,0.00,2,2,13,150,136,12.3187,0.0916,-0.01362,3.1980,1,1,1
29,0.00,1,1,-1,146,132,11.8772,0.0940,-0.01409,2.7708,1,1,1
30,0.00,2,2,15,144,134,12.0637,0.0985,-0.01399,2.7247,1,1,1
31,0.00,2,2,30,147,136,12.1327,0.0952,-0.02554,3.3300,1,1,0
32,0.00,2,2,21,141,130,12.3139,0.0958,-0.02250,3.0473,1,1,0
33,0.00,2,2,6,142,131,12.2730,0.0975,-0.01446,2.5250,1,1,1
34,0.00,2,2,13,139,127,12.3118,0.0962,-0.01491,2.6992,1,1,1
35,0.00,2,2,2,157,139,12.1851,0.0914,-0.01305,3.0742,1,1,1
36,0.00,2,2,20,147,134,12.3270,0.0942,-0.01908,3.2223,1,1,0
37,0.00,1,1,-1,150,131,12.2874,0.0920,-0.01431,3.1443,1,1,1
38,0.00,2,2,8,148,133,12.2609,0.0926,-0.01447,2.9529,1,1,1
39,0.00,2,2,16,149,136,12.2184,0.0940,-0.01411,3.0093,1,1,1
40,0.00,2,2,11,152,142,12.2556,0.0962,-0.01230,2.9171,1,1,1
41,0.00,2,2,17,149,131,12.1997,0.0925,-0.01858,3.2730,1,1,0
42,0.00,2,3,23,144,131,12.1171,0.0950,-0.02263,3.2044,0,0,0
43,0.00,2,2,19,147,132,12.3209,0.0924,-0.02026,3.3007,1,1,0
44,0.00,2,2,6,149,136,12.3244,0.0943,-0.01312,2.8707,1,1,1
45,0.00,2,2,22,149,134,12.1524,0.0924,-0.01827,3.4247,1,1,0
46,0.00,2,2,8,144,131,12.1888,0.0950,-0.01405,2.7543,1,1,1
47,0.00,1,1,-1,151,138,12.1895,0.0936,-0.01301,2.8584,1,1,1
48,0.00,2,2,7,143,130,12.1331,0.0952,-0.01422,2.7154,1,1,1
49,0.00,2,2,20,148,135,12.1797,0.0937,-0.02047,3.1548,1,1,0
50,0.00,2,2,15,158,140,12.2586,0.0906,-0.01669,3.4923,1,1,0
51,0.00,2,2,14,148,131,12.1756,0.0908,-0.01345,3.1190,1,1,1
52,0.00,2,2,18,139,130,12.3049,0.0979,-0.01759,2.7904,1,1,0
53,0.00,2,2,8,143,132,12.1574,0.0981,-0.01223,2.6672,1,1,1
54,0.00,2,3,19,143,127,12.3047,0.0924,-0.01686,3.1133,0,0,0
55,0.00,2,2,12,143,129,12.2508,0.0930,-0.01406,2.9411,1,1,1
56,0.00,2,2,14,152,133,12.3061,0.0891,-0.01452,3.4391,1,1,0
57,0.00,2,2,11,152,139,12.1552,0.0958,-0.01267,2.8299,1,1,1
58,0.00,2,2,20,145,135,12.2920,0.0972,-0.01806,2.9089,1,1,0
59,0.00,2,2,8,146,134,12.1870,0.0937,-0.01390,2.8755,1,1,1
60,0.00,1,1,-1,144,135,11.9860,0.1000,-0.01397,2.4567,1,1,1
61,0.00,2,2,12,142,131,12.0868,0.0971,-0.01490,2.7998,1,1,1
62,0.00,1,1,-1,147,132,12.3189,0.0926,-0.01296,2.9016,1,1,1
63,0.00,2,2,21,148,135,12.1503,0.0932,-0.02294,3.2786,1,1,0
64,0.00,2,2,4,147,135,12.2248,0.0974,-0.01326,2.6133,1,1,1
65,0.00,2,2,19,146,135,12.2651,0.0969,-0.01550,2.8906,1,1,0
66,0.00,2,2,13,151,132,12.3293,0.0901,-0.01332,3.2148,1,1,1
67,0.00,1,1,-1,144,132,12.0133,0.0964,-0.01379,2.6221,1,1,1
68,0.00,2,2,22,147,129,11.9943,0.0928,-0.02097,3.3244,1,1,0
69,0.00,2,2,5,146,132,12.3081,0.0936,-0.01312,2.8171,1,1,1
70,0.00,2,2,13,149,138,12.1011,0.0962,-0.01242,2.8846,1,1,1
71,0.00,2,2,10,145,130,12.2863,0.0932,-0.01424,2.8335,1,1,1
72,0.00,2,2,10,153,137,12.2294,0.0921,-0.01295,3.0985,1,1,1
73,0.00,2,2,14,140,128,12.3224,0.0948,-0.01563,2.8882,1,1,0
74,0.00,2,2,3,160,143,12.2864,0.0885,-0.01346,3.4146,1,1,1
75,0.00,2,2,14,145,136,12.0718,0.0986,-0.01854,2.8149,1,1,0
76,0.00,2,2,22,142,128,12.2732,0.0951,-0.02100,2.9966,1,1,0
77,0.00,2,2,10,148,131,12.3094,0.0922,-0.01425,2.9947,1,1,1
78,0.00,2,2,27,147,132,12.1020,0.0931,-0.02879,3.6017,1,1,0
79,0.00,2,2,4,148,130,11.9864,0.0933,-0.01462,2.8629,1,1,1
80,0.00,2,2,9,149,135,12.1697,0.0926,-0.01306,3.1052,1,1,1
81,0.00,2,2,20,161,142,12.2785,0.0898,-0.02031,3.8891,1,1,0
82,0.00,2,2,14,144,132,12.1462,0.0946,-0.01573,2.8897,1,1,1
83,0.00,2,2,18,143,130,12.2786,0.0948,-0.01547,2.9394,1,1,1
84,0.00,2,2,10,145,131,12.3058,0.0946,-0.01259,2.7876,1,1,1
85,0.00,2,2,17,143,130,12.2988,0.0945,-0.01446,2.9298,1,1,1
86,0.00,2,2,14,149,137,12.0435,0.0958,-0.01314,2.9585,1,1,1
87,0.00,2,2,12,140,130,12.3003,0.0965,-0.01345,2.7801,1,1,1
88,0.00,2,3,20,143,129,12.1833,0.0947,-0.01985,3.0903,0,0,0
89,0.00,2,2,12,143,132,12.3234,0.0955,-0.01363,2.8512,1,1,1
90,0.00,2,2,7,144,132,12.2756,0.0971,-0.01320,2.6236,1,1,1
91,0.00,2,2,13,144,131,12.3169,0.0948,-0.01320,2.8544,1,1,1
92,0.00,2,2,15,149,134,12.3078,0.0932,-0.01751,3.1723,1,1,0
93,0.00,1,1,-1,159,135,12.2543,0.0882,-0.01336,3.4341,1,1,1
94,0.00,2,2,4,141,127,12.2887,0.0941,-0.01469,2.7845,1,1,1
95,0.00,2,2,5,141,132,11.8750,0.0994,-0.01339,2.5112,1,1,1
96,0.00,2,2,14,143,131,12.3260,0.0948,-0.01498,2.9255,1,1,1
97,0.00,2,2,17,146,130,12.2246,0.0936,-0.01863,3.1165,1,1,0
98,0.00,2,2,5,144,134,12.2696,0.0974,-0.01299,2.6437,1,1,1
99,0.00,2,2,8,149,136,12.1580,0.0946,-0.01318,2.8069,1,1,1
100,0.00,2,2,8,145,132,12.1899,0.0951,-0.01326,2.8396,1,1,1
1,0.05,2,4,9,154,140,12.2443,0.0932,-0.01329,2.9531,0,0,0
2,0.05,2,11,17,166,152,12.3119,0.0943,-0.02086,3.1448,0,0,0
3,0.05,2,8,79,168,151,12.2131,0.0921,-0.01315,3.1138,1,0,0
4,0.05,2,5,25,148,136,12.1907,0.0965,-0.02497,3.1214,0,0,0
5,0.05,2,2,11,149,134,12.2856,0.0937,-0.01448,2.9978,1,1,1
6,0.05,2,6,18,158,144,12.3100,0.0942,-0.01411,3.0229,0,0,0
7,0.05,2,3,14,151,141,12.2783,0.0956,-0.01468,2.9587,0,0,0
8,0.05,2,3,25,144,133,12.1669,0.0970,-0.02258,3.0277,0,0,0
9,0.05,2,3,17,153,139,12.1670,0.0932,-0.01376,3.1979,0,0,0
10,0.05,2,6,6,156,143,12.1460,0.0958,-0.01390,2.7758,0,0,0
11,0.05,2,3,10,152,138,12.0914,0.0931,-0.01312,2.9813,0,0,0
12,0.05,2,2,14,151,140,12.2232,0.0956,-0.01233,2.9263,1,1,1
13,0.05,2,6,20,160,140,12.3445,0.0895,-0.02153,3.5349,0,0,0
14,0.05,2,10,11,158,149,11.9886,0.0990,-0.01470,2.5831,0,0,0
15,0.05,2,6,26,160,145,11.8820,0.0943,-0.02039,3.2249,0,0,0
16,0.05,2,2,15,149,135,11.9691,0.0939,-0.01699,3.1954,1,1,0
17,0.05,2,6,5,161,144,12.1921,0.0902,-0.01282,3.1308,0,0,0
18,0.05,2,4,11,155,137,12.2144,0.0898,-0.01368,3.2310,0,0,0
19,0.05,2,6,21,161,143,12.3146,0.0908,-0.02190,3.5397,0,0,0
20,0.05,2,2,12,151,137,12.3379,0.0937,-0.01284,2.9873,1,1,1
21,0.05,2,8,17,158,142,12.3328,0.0924,-0.01868,3.1469,0,0,0
22,0.05,2,5,80,161,146,12.3099,0.0914,-0.01306,3.0967,1,0,0
23,0.05,2,5,15,147,136,12.1354,0.0972,-0.01487,2.7211,0,0,0
24,0.05,2,2,15,153,136,12.1806,0.0922,-0.01307,3.1109,1,1,1
25,0.05,2,4,20,149,137,11.9996,0.0970,-0.01591,2.7968,0,0,0
26,0.05,2,2,10,146,134,12.3336,0.0956,-0.01282,2.7694,1,1,1
27,0.05,2,2,21,148,135,12.2364,0.0948,-0.02377,3.2855,1,1,0
28,0.05,2,4,13,156,141,12.1538,0.0925,-0.01321,3.1675,0,0,0
29,0.05,2,4,81,152,138,12.2993,0.0956,-0.01402,2.6720,1,1,0
30,0.05,2,4,15,150,137,12.2310,0.0955,-0.01438,2.8205,0,0,0
31,0.05,2,5,30,152,140,12.1246,0.0958,-0.02589,3.2518,0,0,0
32,0.05,2,3,21,143,133,12.0658,0.0980,-0.02286,2.9169,0,0,0
33,0.05,2,15,6,167,154,12.3306,0.0959,-0.01494,2.6073,0,0,0
34,0.05,2,8,13,157,140,12.2799,0.0908,-0.01515,3.1058,0,0,0
35,0.05,2,6,3,170,151,12.0359,0.0896,-0.01301,3.2864,0,0,0
36,0.05,2,2,21,147,136,11.9526,0.0972,-0.01947,3.0614,1,1,0
37,0.05,2,2,80,152,137,12.2043,0.0941,-0.01372,2.9771,1,1,1
38,0.05,2,4,8,152,139,12.0870,0.0954,-0.01384,2.7795,0,0,0
39,0.05,2,6,17,154,144,12.2587,0.0981,-0.01451,2.7300,0,0,0
40,0.05,2,4,11,160,146,12.2477,0.0915,-0.01215,3.1276,0,0,0
41,0.05,2,12,18,165,154,12.2826,0.0962,-0.01896,2.9729,0,0,0
42,0.05,2,3,25,146,134,12.1763,0.0968,-0.02300,3.0983,0,0,0
43,0.05,2,2,20,149,133,12.2930,0.0925,-0.02063,3.3043,1,1,0
44,0.05,2,3,6,152,140,12.1588,0.0953,-0.01289,2.7802,0,0,0
45,0.05,2,2,22,153,136,12.2775,0.0901,-0.01865,3.5907,1,1,0
46,0.05,2,5,8,150,138,11.9498,0.0970,-0.01410,2.6290,0,0,0
47,0.05,2,8,81,163,151,12.1329,0.0957,-0.01361,2.6682,1,0,0
48,0.05,2,2,8,144,131,12.0166,0.0969,-0.01374,2.6238,1,1,1
49,0.05,2,3,21,153,139,12.2673,0.0922,-0.02085,3.2609,0,0,0
50,0.05,2,3,15,160,147,12.2925,0.0925,-0.01708,3.3315,0,0,0
51,0.05,2,5,14,152,139,12.1367,0.0956,-0.01354,2.8233,0,0,0
52,0.05,2,8,18,151,138,12.3063,0.0937,-0.01798,2.9413,0,0,0
53,0.05,2,4,8,148,137,12.3234,0.0950,-0.01234,2.7813,0,0,0
54,0.05,2,4,19,147,130,12.1019,0.0935,-0.01724,3.0894,0,0,0
55,0.05,2,2,12,146,132,12.3311,0.0920,-0.01387,3.0151,1,1,1
56,0.05,2,4,14,158,138,12.3411,0.0899,-0.01491,3.4345,0,0,0
57,0.05,2,13,12,177,160,12.2653,0.0917,-0.01340,3.1268,0,0,0
58,0.05,2,8,21,161,144,12.2614,0.0921,-0.01844,3.2100,0,0,0
59,0.05,2,2,8,148,136,12.3430,0.0938,-0.01333,2.8586,1,1,1
60,0.05,1,1,-1,145,138,12.1909,0.1008,-0.01357,2.3945,1,1,1
61,0.05,2,2,13,143,132,12.2319,0.0986,-0.01421,2.7137,1,1,1
62,0.05,2,5,76,153,141,12.1815,0.0961,-0.01301,2.6725,1,0,0
63,0.05,2,4,22,153,139,12.3001,0.0931,-0.02330,3.2931,0,0,0
64,0.05,2,6,6,155,145,12.0277,0.0978,-0.01366,2.5365,0,0,0
65,0.05,2,2,20,147,137,12.1185,0.0978,-0.01589,2.8318,1,1,0
66,0.05,2,2,13,152,134,12.1764,0.0917,-0.01309,3.1135,1,1,1
67,0.05,2,2,80,147,135,12.2863,0.0966,-0.01344,2.5871,1,1,1
68,0.05,2,2,22,149,131,12.3240,0.0930,-0.02134,3.3089,1,1,0
69,0.05,2,3,7,150,135,12.1830,0.0937,-0.01297,2.8265,0,0,0
70,0.05,2,9,13,160,149,12.2752,0.0970,-0.01297,2.7071,0,0,0
71,0.05,2,9,10,164,147,12.1838,0.0915,-0.01428,3.1239,0,0,0
72,0.05,2,3,10,155,142,12.0947,0.0945,-0.01249,2.9258,0,0,0
73,0.05,2,2,14,143,130,12.3175,0.0933,-0.01602,2.9794,1,1,0
74,0.05,2,11,4,174,161,12.2674,0.0942,-0.01317,2.8748,0,0,0
75,0.05,2,2,14,147,137,12.2624,0.0979,-0.01893,2.8225,1,1,0
76,0.05,2,2,22,144,131,12.2558,0.0951,-0.02137,3.0037,1,1,0
77,0.05,2,3,10,151,134,12.3015,0.0937,-0.01396,2.8999,0,0,0
78,0.05,2,4,27,157,138,12.3409,0.0892,-0.02912,3.9495,0,0,0
79,0.05,2,3,4,150,136,12.2475,0.0960,-0.01428,2.6823,0,0,0
80,0.05,2,5,9,156,141,12.2557,0.0927,-0.01261,3.0852,0,0,0
81,0.05,2,5,20,170,149,12.2339,0.0885,-0.02068,3.9693,0,0,0
82,0.05,2,2,14,146,133,12.1039,0.0948,-0.01612,2.8786,1,1,0
83,0.05,2,3,19,145,133,12.0594,0.0970,-0.01585,2.8112,0,0,0
84,0.05,2,4,10,148,137,12.0566,0.0975,-0.01296,2.6182,0,0,0
85,0.05,2,2,17,145,133,12.2984,0.0943,-0.01486,2.9405,1,1,0
86,0.05,2,4,14,155,142,12.2694,0.0944,-0.01284,2.9889,0,0,0
87,0.05,2,8,13,149,139,12.3127,0.0982,-0.01381,2.6175,0,0,0
88,0.05,2,3,20,145,133,12.1324,0.0954,-0.02022,3.0396,0,0,0
89,0.05,2,2,13,145,133,12.2419,0.0955,-0.01347,2.8493,1,1,1
90,0.05,2,5,7,153,139,12.1381,0.0942,-0.01349,2.7909,0,0,0
91,0.05,2,2,14,146,133,12.2554,0.0948,-0.01297,2.8616,1,1,1
92,0.05,2,2,16,150,135,12.2381,0.0945,-0.01790,3.0945,1,1,0
93,0.05,2,7,82,170,154,12.2029,0.0909,-0.01374,3.2026,1,0,0
94,0.05,2,2,4,142,128,12.1645,0.0960,-0.01438,2.6787,1,1,1
95,0.05,2,3,5,144,135,12.1632,0.0995,-0.01328,2.4663,0,0,0
96,0.05,2,3,14,146,133,11.8666,0.0958,-0.01538,2.8717,0,0,0
97,0.05,2,6,17,156,142,12.1369,0.0930,-0.01901,3.1618,0,0,0
98,0.05,2,6,5,150,141,12.1200,0.0998,-0.01303,2.4478,0,0,0
99,0.05,2,2,8,152,137,12.2376,0.0932,-0.01296,2.8883,1,1,1
100,0.05,2,7,9,163,142,12.2579,0.0878,-0.01328,3.4145,0,0,0
1,0.10,3,35,10,-1,-1,5.3081,0.1888,-0.01047,0.1106,0,0,0
2,0.10,3,35,17,-1,-1,6.3133,0.1574,-0.02123,0.3434,0,0,0
3,0.10,3,33,79,-1,-1,4.6134,0.2214,0.00000,0.0272,0,0,0
4,0.10,3,37,25,-1,-1,6.7167,0.1479,-0.02533,0.5577,0,0,0
5,0.10,3,35,11,-1,-1,5.3300,0.1866,-0.01120,0.1334,0,0,0
6,0.10,3,34,18,-1,-1,5.8003,0.1714,-0.01451,0.2335,0,0,0
7,0.10,3,34,14,-1,-1,5.7294,0.1735,-0.01508,0.1914,0,0,0
8,0.10,3,37,25,-1,-1,6.3628,0.1562,-0.02295,0.4643,0,0,0
9,0.10,3,35,17,-1,-1,5.5282,0.1799,-0.01416,0.2164,0,0,0
10,0.10,3,34,7,-1,-1,4.9042,0.2029,-0.00496,0.0589,0,0,0
11,0.10,3,36,10,-1,-1,5.1387,0.1936,-0.00760,0.0897,0,0,0
12,0.10,3,35,14,-1,-1,5.6126,0.1772,-0.01230,0.1729,0,0,0
13,0.10,3,36,20,-1,-1,6.4306,0.1545,-0.02190,0.4096,0,0,0
14,0.10,3,34,11,-1,-1,5.6876,0.1748,-0.01507,0.1948,0,0,0
15,0.10,3,33,27,-1,-1,6.1416,0.1621,-0.02077,0.4250,0,0,0
16,0.10,3,37,15,-1,-1,5.8873,0.1689,-0.01738,0.2642,0,0,0
17,0.10,3,35,5,-1,-1,4.7283,0.2105,-0.00230,0.0352,0,0,0
18,0.10,3,36,11,-1,-1,5.4784,0.1815,-0.01142,0.1323,0,0,0
19,0.10,3,36,21,-1,-1,6.4895,0.1531,-0.02227,0.3979,0,0,0
20,0.10,3,34,12,-1,-1,5.5472,0.1793,-0.01156,0.1583,0,0,0
21,0.10,3,35,17,-1,-1,5.9544,0.1669,-0.01906,0.2744,0,0,0
22,0.10,3,33,80,-1,-1,4.6377,0.2219,0.00000,0.0254,0,0,0
23,0.10,3,36,15,-1,-1,5.6899,0.1747,-0.01526,0.2139,0,0,0
24,0.10,3,34,15,-1,-1,5.4818,0.1814,-0.01215,0.1600,0,0,0
25,0.10,3,33,21,-1,-1,5.7591,0.1726,-0.01631,0.2786,0,0,0
26,0.10,3,35,10,-1,-1,5.2673,0.1888,-0.00890,0.1054,0,0,0
27,0.10,3,36,22,-1,-1,6.7491,0.1472,-0.02413,0.4656,0,0,0
28,0.10,3,35,13,-1,-1,5.3507,0.1865,-0.01094,0.1358,0,0,0
29,0.10,3,33,81,-1,-1,4.6159,0.2213,0.00000,0.0253,0,0,0
30,0.10,3,36,15,-1,-1,5.6345,0.1769,-0.01478,0.1894,0,0,0
31,0.10,3,36,31,-1,-1,6.8099,0.1458,-0.02624,0.5891,0,0,0
32,0.10,3,37,21,-1,-1,6.4891,0.1531,-0.02322,0.3968,0,0,0
33,0.10,3,35,8,-1,-1,4.9880,0.1995,-0.00518,0.0631,0,0,0
34,0.10,3,36,13,-1,-1,5.6433,0.1765,-0.01468,0.1961,0,0,0
35,0.10,3,30,3,-1,-1,4.6212,0.2154,-0.00026,0.0265,0,0,0
36,0.10,3,37,21,-1,-1,6.2091,0.1601,-0.01985,0.3829,0,0,0
37,0.10,3,33,80,-1,-1,4.6094,0.2210,0.00000,0.0294,0,0,0
38,0.10,3,34,8,-1,-1,5.0378,0.1975,-0.00677,0.0785,0,0,0
39,0.10,3,34,17,-1,-1,5.6732,0.1753,-0.01492,0.2279,0,0,0
40,0.10,3,33,12,-1,-1,5.2578,0.1892,-0.01010,0.1223,0,0,0
41,0.10,3,34,18,-1,-1,6.1214,0.1634,-0.01935,0.3069,0,0,0
42,0.10,3,36,25,-1,-1,6.5832,0.1509,-0.02336,0.4891,0,0,0
43,0.10,3,35,20,-1,-1,6.2356,0.1601,-0.02100,0.3582,0,0,0
44,0.10,3,34,7,-1,-1,4.8279,0.2062,-0.00470,0.0527,0,0,0
45,0.10,3,36,22,-1,-1,6.0308,0.1648,-0.01903,0.3687,0,0,0
46,0.10,3,34,9,-1,-1,5.1004,0.1951,-0.00773,0.0866,0,0,0
47,0.10,3,31,81,-1,-1,4.6071,0.2218,0.00000,0.0272,0,0,0
48,0.10,3,36,8,-1,-1,4.9372,0.2015,-0.00511,0.0606,0,0,0
49,0.10,3,35,21,-1,-1,6.2166,0.1599,-0.02122,0.3636,0,0,0
50,0.10,3,33,16,-1,-1,6.0189,0.1651,-0.01747,0.2675,0,0,0
51,0.10,3,35,14,-1,-1,5.2165,0.1907,-0.00880,0.1174,0,0,0
52,0.10,3,37,18,-1,-1,6.0343,0.1647,-0.01836,0.2973,0,0,0
53,0.10,3,36,10,-1,-1,4.9272,0.2020,-0.00557,0.0769,0,0,0
54,0.10,3,39,19,-1,-1,5.9592,0.1668,-0.01763,0.3123,0,0,0
55,0.10,3,36,12,-1,-1,5.6050,0.1780,-0.01427,0.1715,0,0,0
56,0.10,3,37,15,-1,-1,5.7543,0.1728,-0.01531,0.2259,0,0,0
57,0.10,3,33,12,-1,-1,5.2929,0.1883,-0.01041,0.1216,0,0,0
58,0.10,3,36,21,-1,-1,5.9885,0.1660,-0.01883,0.3241,0,0,0
59,0.10,3,34,8,-1,-1,4.9923,0.1993,-0.00585,0.0658,0,0,0
60,0.10,3,32,83,-1,-1,4.6048,0.2222,0.00000,0.0225,0,0,0
61,0.10,3,35,13,-1,-1,5.6776,0.1751,-0.01461,0.1885,0,0,0
62,0.10,3,34,76,-1,-1,4.6028,0.2202,0.00000,0.0288,0,0,0
63,0.10,3,37,22,-1,-1,6.7532,0.1471,-0.02366,0.4267,0,0,0
64,0.10,3,33,6,-1,-1,4.7798,0.2082,-0.00289,0.0435,0,0,0
65,0.10,3,35,20,-1,-1,5.8202,0.1708,-0.01629,0.2642,0,0,0
66,0.10,3,35,13,-1,-1,5.4384,0.1829,-0.01194,0.1641,0,0,0
67,0.10,3,34,80,-1,-1,4.6188,0.2214,0.00000,0.0300,0,0,0
68,0.10,3,35,22,-1,-1,6.2634,0.1587,-0.02171,0.4143,0,0,0
69,0.10,3,35,7,-1,-1,4.7799,0.2082,-0.00284,0.0466,0,0,0
70,0.10,3,34,13,-1,-1,5.4851,0.1813,-0.01281,0.1654,0,0,0
71,0.10,3,35,10,-1,-1,5.1508,0.1931,-0.00886,0.0992,0,0,0
72,0.10,3,32,11,-1,-1,5.0411,0.1974,-0.00761,0.0966,0,0,0
73,0.10,3,37,14,-1,-1,5.8151,0.1710,-0.01641,0.2373,0,0,0
74,0.10,3,31,4,-1,-1,4.6771,0.2128,-0.00089,0.0332,0,0,0
75,0.10,3,34,14,-1,-1,6.2229,0.1597,-0.01931,0.2808,0,0,0
76,0.10,3,38,22,-1,-1,6.3099,0.1575,-0.02175,0.4245,0,0,0
77,0.10,3,34,10,-1,-1,5.1671,0.1925,-0.00726,0.0832,0,0,0
78,0.10,3,36,27,-1,-1,7.2066,0.1378,-0.02945,0.6831,0,0,0
79,0.10,3,33,4,-1,-1,4.6773,0.2128,-0.00164,0.0327,0,0,0
80,0.10,3,37,9,-1,-1,5.3633,0.1855,-0.00998,0.1067,0,0,0
81,0.10,3,34,20,-1,-1,6.4192,0.1548,-0.02105,0.3784,0,0,0
82,0.10,3,34,14,-1,-1,5.8392,0.1703,-0.01651,0.2191,0,0,0
83,0.10,3,35,19,-1,-1,5.8781,0.1691,-0.01624,0.2680,0,0,0
84,0.10,3,36,11,-1,-1,5.1427,0.1934,-0.00807,0.0955,0,0,0
85,0.10,3,37,17,-1,-1,5.6726,0.1753,-0.01526,0.2371,0,0,0
86,0.10,3,36,14,-1,-1,5.5083,0.1808,-0.01318,0.1657,0,0,0
87,0.10,3,37,13,-1,-1,5.5158,0.1803,-0.01257,0.1710,0,0,0
88,0.10,3,35,22,-1,-1,6.2739,0.1584,-0.02059,0.3866,0,0,0
89,0.10,3,37,13,-1,-1,5.5949,0.1777,-0.01387,0.1706,0,0,0
90,0.10,3,36,8,-1,-1,4.9706,0.2002,-0.00547,0.0650,0,0,0
91,0.10,3,35,15,-1,-1,5.5339,0.1797,-0.01279,0.1792,0,0,0
92,0.10,3,36,16,-1,-1,6.0273,0.1660,-0.01828,0.2982,0,0,0
93,0.10,3,32,82,-1,-1,4.6038,0.2213,0.00000,0.0255,0,0,0
94,0.10,3,36,4,-1,-1,4.7733,0.2085,-0.00275,0.0471,0,0,0
95,0.10,3,36,5,-1,-1,4.7917,0.2077,-0.00320,0.0402,0,0,0
96,0.10,3,36,14,-1,-1,5.8772,0.1691,-0.01577,0.2177,0,0,0
97,0.10,3,34,17,-1,-1,6.0639,0.1639,-0.01939,0.2874,0,0,0
98,0.10,3,37,5,-1,-1,4.9654,0.2004,-0.00421,0.0506,0,0,0
99,0.10,3,34,8,-1,-1,5.1219,0.1942,-0.00694,0.0789,0,0,0
100,0.10,3,35,9,-1,-1,5.0785,0.1959,-0.00728,0.0833,0,0,0
1,0.15,3,24,10,-1,-1,5.3369,0.1887,-0.01086,0.1052,0,0,0
2,0.15,3,24,17,-1,-1,6.3133,0.1574,-0.02161,0.3422,0,0,0
3,0.15,3,22,79,-1,-1,4.6054,0.2236,0.00000,0.0182,0,0,0
4,0.15,3,25,25,-1,-1,6.7167,0.1479,-0.02568,0.5502,0,0,0
5,0.15,3,24,11,-1,-1,5.3432,0.1866,-0.01159,0.1343,0,0,0
6,0.15,3,24,18,-1,-1,5.8003,0.1714,-0.01491,0.2293,0,0,0
7,0.15,3,24,14,-1,-1,5.7294,0.1735,-0.01548,0.1929,0,0,0
8,0.15,3,25,25,-1,-1,6.3967,0.1561,-0.02331,0.4658,0,0,0
9,0.15,3,24,18,-1,-1,5.5282,0.1799,-0.01456,0.2243,0,0,0
10,0.15,3,23,7,-1,-1,4.9076,0.2029,-0.00538,0.0501,0,0,0
11,0.15,3,25,11,-1,-1,5.1387,0.1936,-0.00803,0.0904,0,0,0
12,0.15,3,24,14,-1,-1,5.6126,0.1772,-0.01269,0.1712,0,0,0
13,0.15,3,25,20,-1,-1,6.4306,0.1545,-0.02227,0.4111,0,0,0
14,0.15,3,24,11,-1,-1,5.7172,0.1747,-0.01544,0.1864,0,0,0
15,0.15,3,23,27,-1,-1,6.1762,0.1620,-0.02114,0.4177,0,0,0
16,0.15,3,26,15,-1,-1,5.8873,0.1689,-0.01776,0.2598,0,0,0
17,0.15,3,24,5,-1,-1,4.7284,0.2105,-0.00267,0.0347,0,0,0
18,0.15,3,25,12,-1,-1,5.4784,0.1815,-0.01181,0.1356,0,0,0
19,0.15,3,25,21,-1,-1,6.4895,0.1531,-0.02264,0.4068,0,0,0
20,0.15,3,23,12,-1,-1,5.5472,0.1793,-0.01198,0.1578,0,0,0
21,0.15,3,24,17,-1,-1,5.9544,0.1669,-0.01944,0.2713,0,0,0
22,0.15,3,22,80,-1,-1,4.6175,0.2235,0.00000,0.0239,0,0,0
23,0.15,3,25,16,-1,-1,5.6899,0.1747,-0.01566,0.2299,0,0,0
24,0.15,3,24,15,-1,-1,5.4818,0.1814,-0.01256,0.1550,0,0,0
25,0.15,3,23,21,-1,-1,5.7591,0.1726,-0.01670,0.2722,0,0,0
26,0.15,3,24,10,-1,-1,5.2673,0.1888,-0.00929,0.1059,0,0,0
27,0.15,3,25,22,-1,-1,6.7491,0.1472,-0.02448,0.4650,0,0,0
28,0.15,3,24,14,-1,-1,5.3797,0.1864,-0.01136,0.1443,0,0,0
29,0.15,3,23,81,-1,-1,4.6256,0.2237,0.00000,0.0137,0,0,0
30,0.15,3,25,16,-1,-1,5.6655,0.1768,-0.01518,0.2054,0,0,0
31,0.15,3,25,31,-1,-1,6.8099,0.1458,-0.02659,0.5923,0,0,0
32,0.15,3,25,21,-1,-1,6.4891,0.1531,-0.02358,0.3906,0,0,0
33,0.15,3,24,9,-1,-1,4.9880,0.1995,-0.00559,0.0572,0,0,0
34,0.15,3,25,13,-1,-1,5.6747,0.1764,-0.01508,0.1877,0,0,0
35,0.15,3,21,4,-1,-1,4.6212,0.2154,-0.00059,0.0193,0,0,0
36,0.15,3,25,21,-1,-1,6.2091,0.1601,-0.02023,0.3840,0,0,0
37,0.15,3,23,80,-1,-1,4.6189,0.2228,0.00000,0.0208,0,0,0
38,0.15,3,24,8,-1,-1,5.0378,0.1975,-0.00720,0.0751,0,0,0
39,0.15,3,23,17,-1,-1,5.6732,0.1753,-0.01532,0.2236,0,0,0
40,0.15,3,23,12,-1,-1,5.2578,0.1892,-0.01052,0.1182,0,0,0
41,0.15,3,24,19,-1,-1,6.1561,0.1633,-0.01973,0.3167,0,0,0
42,0.15,3,25,25,-1,-1,6.5832,0.1509,-0.02372,0.4920,0,0,0
43,0.15,3,24,20,-1,-1,6.2706,0.1600,-0.02137,0.3618,0,0,0
44,0.15,3,23,7,-1,-1,4.8534,0.2061,-0.00511,0.0519,0,0,0
45,0.15,3,25,22,-1,-1,6.0308,0.1648,-0.01941,0.3686,0,0,0
46,0.15,3,23,9,-1,-1,5.1116,0.1950,-0.00813,0.0819,0,0,0
47,0.15,3,21,81,-1,-1,4.6131,0.2240,0.00000,0.0196,0,0,0
48,0.15,3,25,8,-1,-1,4.9372,0.2015,-0.00552,0.0606,0,0,0
49,0.15,3,24,21,-1,-1,6.2166,0.1599,-0.02159,0.3708,0,0,0
50,0.15,3,24,16,-1,-1,6.0189,0.1651,-0.01786,0.2730,0,0,0
51,0.15,3,24,14,-1,-1,5.2165,0.1907,-0.00920,0.1129,0,0,0
52,0.15,3,26,18,-1,-1,6.0343,0.1647,-0.01874,0.2923,0,0,0
53,0.15,3,25,10,-1,-1,4.9477,0.2019,-0.00600,0.0708,0,0,0
54,0.15,3,27,19,-1,-1,5.9592,0.1668,-0.01802,0.3307,0,0,0
55,0.15,3,25,12,-1,-1,5.6357,0.1779,-0.01467,0.1694,0,0,0
56,0.15,3,25,15,-1,-1,5.7543,0.1728,-0.01571,0.2216,0,0,0
57,0.15,3,23,12,-1,-1,5.3217,0.1882,-0.01080,0.1186,0,0,0
58,0.15,3,25,21,-1,-1,5.9963,0.1660,-0.01921,0.3261,0,0,0
59,0.15,3,24,9,-1,-1,4.9923,0.1993,-0.00626,0.0633,0,0,0
60,0.15,3,22,83,-1,-1,4.6165,0.2233,0.00000,0.0236,0,0,0
61,0.15,3,24,13,-1,-1,5.6776,0.1751,-0.01501,0.1868,0,0,0
62,0.15,3,23,76,-1,-1,4.5999,0.2202,0.00000,0.0174,0,0,0
63,0.15,3,25,22,-1,-1,6.7532,0.1471,-0.02402,0.4226,0,0,0
64,0.15,3,23,6,-1,-1,4.7798,0.2082,-0.00332,0.0321,0,0,0
65,0.15,3,24,20,-1,-1,5.8259,0.1708,-0.01668,0.2580,0,0,0
66,0.15,3,24,13,-1,-1,5.4384,0.1829,-0.01236,0.1558,0,0,0
67,0.15,3,23,80,-1,-1,4.6125,0.2232,0.00000,0.0195,0,0,0
68,0.15,3,24,22,-1,-1,6.2634,0.1587,-0.02208,0.4146,0,0,0
69,0.15,3,24,7,-1,-1,4.7799,0.2082,-0.00326,0.0387,0,0,0
70,0.15,3,24,14,-1,-1,5.4851,0.1813,-0.01322,0.1731,0,0,0
71,0.15,3,24,10,-1,-1,5.1508,0.1931,-0.00928,0.0990,0,0,0
72,0.15,3,22,11,-1,-1,5.0543,0.1973,-0.00805,0.0931,0,0,0
73,0.15,3,26,14,-1,-1,5.8151,0.1710,-0.01681,0.2422,0,0,0
74,0.15,3,22,4,-1,-1,4.6771,0.2128,-0.00123,0.0279,0,0,0
75,0.15,3,23,15,-1,-1,6.2229,0.1597,-0.01969,0.2894,0,0,0
76,0.15,3,26,22,-1,-1,6.3099,0.1575,-0.02212,0.4209,0,0,0
77,0.15,3,23,11,-1,-1,5.1671,0.1925,-0.00766,0.0854,0,0,0
78,0.15,3,25,27,-1,-1,7.2066,0.1378,-0.02979,0.6875,0,0,0
79,0.15,3,22,4,-1,-1,4.6773,0.2128,-0.00200,0.0283,0,0,0
80,0.15,3,25,10,-1,-1,5.3633,0.1855,-0.01038,0.1093,0,0,0
81,0.15,3,23,20,-1,-1,6.4192,0.1548,-0.02142,0.3803,0,0,0
82,0.15,3,24,14,-1,-1,5.8549,0.1702,-0.01690,0.2213,0,0,0
83,0.15,3,24,19,-1,-1,5.8781,0.1691,-0.01663,0.2649,0,0,0
84,0.15,3,25,11,-1,-1,5.1427,0.1934,-0.00847,0.0940,0,0,0
85,0.15,3,26,17,-1,-1,5.6726,0.1753,-0.01566,0.2317,0,0,0
86,0.15,3,25,14,-1,-1,5.5386,0.1807,-0.01356,0.1634,0,0,0
87,0.15,3,25,13,-1,-1,5.5158,0.1803,-0.01298,0.1673,0,0,0
88,0.15,3,24,22,-1,-1,6.2739,0.1584,-0.02097,0.3805,0,0,0
89,0.15,3,25,13,-1,-1,5.5949,0.1777,-0.01428,0.1757,0,0,0
90,0.15,3,25,8,-1,-1,4.9706,0.2002,-0.00588,0.0622,0,0,0
91,0.15,3,24,15,-1,-1,5.5339,0.1797,-0.01320,0.1734,0,0,0
92,0.15,3,25,16,-1,-1,6.0613,0.1659,-0.01867,0.2930,0,0,0
93,0.15,3,22,82,-1,-1,4.6106,0.2238,0.00000,0.0192,0,0,0
94,0.15,3,25,4,-1,-1,4.7733,0.2085,-0.00308,0.0359,0,0,0
95,0.15,3,25,6,-1,-1,4.8019,0.2076,-0.00361,0.0356,0,0,0
96,0.15,3,25,15,-1,-1,5.8772,0.1691,-0.01617,0.2262,0,0,0
97,0.15,3,23,17,-1,-1,6.0980,0.1638,-0.01977,0.2865,0,0,0
98,0.15,3,25,6,-1,-1,4.9654,0.2004,-0.00461,0.0477,0,0,0
99,0.15,3,24,8,-1,-1,5.1219,0.1942,-0.00734,0.0719,0,0,0
100,0.15,3,24,9,-1,-1,5.0785,0.1959,-0.00769,0.0813,0,0,0
1,0.20,3,19,10,-1,-1,5.3661,0.1886,-0.01125,0.1054,0,0,0
2,0.20,3,19,17,-1,-1,6.3318,0.1573,-0.02198,0.3425,0,0,0
3,0.20,3,17,79,-1,-1,4.5983,0.2237,0.00000,0.0132,0,0,0
4,0.20,3,20,25,-1,-1,6.7167,0.1479,-0.02603,0.5556,0,0,0
5,0.20,3,19,11,-1,-1,5.3725,0.1865,-0.01197,0.1331,0,0,0
6,0.20,3,18,18,-1,-1,5.8003,0.1714,-0.01531,0.2292,0,0,0
7,0.20,3,18,14,-1,-1,5.7313,0.1735,-0.01587,0.1984,0,0,0
8,0.20,3,20,25,-1,-1,6.4333,0.1560,-0.02368,0.4701,0,0,0
9,0.20,3,19,18,-1,-1,5.5493,0.1798,-0.01496,0.2217,0,0,0
10,0.20,3,18,8,-1,-1,4.9340,0.2028,-0.00579,0.0528,0,0,0
11,0.20,3,19,11,-1,-1,5.1387,0.1936,-0.00846,0.0877,0,0,0
12,0.20,3,19,14,-1,-1,5.6126,0.1772,-0.01307,0.1702,0,0,0
13,0.20,3,19,20,-1,-1,6.4306,0.1545,-0.02264,0.4197,0,0,0
14,0.20,3,18,11,-1,-1,5.7491,0.1746,-0.01584,0.1832,0,0,0
15,0.20,3,18,27,-1,-1,6.2111,0.1620,-0.02152,0.4279,0,0,0
16,0.20,3,20,15,-1,-1,5.8985,0.1688,-0.01815,0.2594,0,0,0
17,0.20,3,18,5,-1,-1,4.7531,0.2104,-0.00309,0.0376,0,0,0
18,0.20,3,19,12,-1,-1,5.4784,0.1815,-0.01220,0.1304,0,0,0
19,0.20,3,19,21,-1,-1,6.4895,0.1531,-0.02300,0.4043,0,0,0
20,0.20,3,18,12,-1,-1,5.5472,0.1793,-0.01239,0.1589,0,0,0
21,0.20,3,19,17,-1,-1,5.9855,0.1669,-0.01982,0.2706,0,0,0
22,0.20,3,17,80,-1,-1,4.6105,0.2257,0.00000,0.0132,0,0,0
23,0.20,3,19,16,-1,-1,5.6982,0.1747,-0.01606,0.2250,0,0,0
24,0.20,3,18,15,-1,-1,5.4818,0.1814,-0.01297,0.1651,0,0,0
25,0.20,3,18,21,-1,-1,5.7865,0.1726,-0.01710,0.2756,0,0,0
26,0.20,3,19,11,-1,-1,5.2673,0.1888,-0.00969,0.1090,0,0,0
27,0.20,3,19,22,-1,-1,6.7491,0.1472,-0.02484,0.4687,0,0,0
28,0.20,3,19,14,-1,-1,5.4091,0.1863,-0.01177,0.1413,0,0,0
29,0.20,3,18,81,-1,-1,4.5726,0.2251,0.00000,0.0113,0,0,0
30,0.20,3,19,16,-1,-1,5.6967,0.1767,-0.01558,0.2032,0,0,0
31,0.20,3,19,31,-1,-1,6.8099,0.1458,-0.02694,0.5976,0,0,0
32,0.20,3,20,21,-1,-1,6.4891,0.1531,-0.02394,0.3940,0,0,0
33,0.20,3,19,9,-1,-1,4.9900,0.1995,-0.00600,0.0558,0,0,0
34,0.20,3,19,13,-1,-1,5.7064,0.1763,-0.01548,0.1886,0,0,0
35,0.20,3,16,4,-1,-1,4.6212,0.2154,-0.00093,0.0176,0,0,0
36,0.20,3,20,21,-1,-1,6.2091,0.1601,-0.02062,0.3823,0,0,0
37,0.20,3,18,80,-1,-1,4.6090,0.2259,0.00000,0.0188,0,0,0
38,0.20,3,18,9,-1,-1,5.0378,0.1975,-0.00764,0.0728,0,0,0
39,0.20,3,18,17,-1,-1,5.6746,0.1753,-0.01572,0.2242,0,0,0
40,0.20,3,18,12,-1,-1,5.2839,0.1891,-0.01095,0.1193,0,0,0
41,0.20,3,18,20,-1,-1,6.1913,0.1632,-0.02011,0.3262,0,0,0
42,0.20,3,19,25,-1,-1,6.5832,0.1509,-0.02408,0.4979,0,0,0
43,0.20,3,19,20,-1,-1,6.3061,0.1599,-0.02174,0.3635,0,0,0
44,0.20,3,18,7,-1,-1,4.8792,0.2059,-0.00552,0.0462,0,0,0
45,0.20,3,19,22,-1,-1,6.0405,0.1648,-0.01979,0.3713,0,0,0
46,0.20,3,18,10,-1,-1,5.1393,0.1949,-0.00853,0.0903,0,0,0
47,0.20,3,17,81,-1,-1,4.5947,0.2263,0.00000,0.0119,0,0,0
48,0.20,3,19,9,-1,-1,4.9589,0.2015,-0.00593,0.0598,0,0,0
49,0.20,3,19,21,-1,-1,6.2166,0.1599,-0.02197,0.3724,0,0,0
50,0.20,3,18,18,-1,-1,6.0189,0.1651,-0.01824,0.2898,0,0,0
51,0.20,3,19,14,-1,-1,5.2335,0.1906,-0.00959,0.1171,0,0,0
52,0.20,3,20,18,-1,-1,6.0343,0.1647,-0.01913,0.2926,0,0,0
53,0.20,3,19,10,-1,-1,4.9741,0.2018,-0.00644,0.0696,0,0,0
54,0.20,3,20,21,-1,-1,5.9592,0.1668,-0.01841,0.3255,0,0,0
55,0.20,3,19,12,-1,-1,5.6668,0.1778,-0.01507,0.1711,0,0,0
56,0.20,3,19,15,-1,-1,5.7543,0.1728,-0.01611,0.2238,0,0,0
57,0.20,3,18,12,-1,-1,5.3508,0.1881,-0.01119,0.1163,0,0,0
58,0.20,3,19,21,-1,-1,6.0301,0.1659,-0.01959,0.3267,0,0,0
59,0.20,3,18,9,-1,-1,5.0110,0.1992,-0.00667,0.0624,0,0,0
60,0.20,3,17,83,-1,-1,4.6085,0.2262,0.00000,0.0146,0,0,0
61,0.20,3,19,14,-1,-1,5.6949,0.1751,-0.01541,0.1891,0,0,0
62,0.20,3,18,76,-1,-1,4.6286,0.2202,0.00000,0.0183,0,0,0
63,0.20,3,20,22,-1,-1,6.7532,0.1471,-0.02438,0.4321,0,0,0
64,0.20,3,17,6,-1,-1,4.7858,0.2082,-0.00374,0.0380,0,0,0
65,0.20,3,19,20,-1,-1,5.8585,0.1707,-0.01708,0.2651,0,0,0
66,0.20,3,19,13,-1,-1,5.4497,0.1828,-0.01277,0.1572,0,0,0
67,0.20,3,18,80,-1,-1,4.5886,0.2260,0.00000,0.0148,0,0,0
68,0.20,3,19,22,-1,-1,6.2634,0.1587,-0.02246,0.4175,0,0,0
69,0.20,3,19,8,-1,-1,4.7916,0.2082,-0.00368,0.0397,0,0,0
70,0.20,3,18,14,-1,-1,5.4960,0.1813,-0.01362,0.1669,0,0,0
71,0.20,3,19,11,-1,-1,5.1751,0.1931,-0.00971,0.1078,0,0,0
72,0.20,3,17,11,-1,-1,5.0816,0.1972,-0.00848,0.0962,0,0,0
73,0.20,3,20,14,-1,-1,5.8171,0.1710,-0.01720,0.2335,0,0,0
74,0.20,3,17,5,-1,-1,4.6771,0.2128,-0.00159,0.0220,0,0,0
75,0.20,3,18,15,-1,-1,6.2229,0.1597,-0.02007,0.2897,0,0,0
76,0.20,3,20,22,-1,-1,6.3099,0.1575,-0.02250,0.4288,0,0,0
77,0.20,3,18,11,-1,-1,5.1671,0.1925,-0.00807,0.0851,0,0,0
78,0.20,3,19,27,-1,-1,7.2066,0.1378,-0.03013,0.6966,0,0,0
79,0.20,3,17,4,-1,-1,4.7011,0.2127,-0.00242,0.0284,0,0,0
80,0.20,3,20,10,-1,-1,5.3633,0.1855,-0.01077,0.1057,0,0,0
81,0.20,3,18,20,-1,-1,6.4192,0.1548,-0.02179,0.3881,0,0,0
82,0.20,3,18,15,-1,-1,5.8876,0.1701,-0.01730,0.2276,0,0,0
83,0.20,3,19,19,-1,-1,5.8781,0.1691,-0.01702,0.2686,0,0,0
84,0.20,3,19,11,-1,-1,5.1585,0.1934,-0.00888,0.0926,0,0,0
85,0.20,3,20,17,-1,-1,5.6974,0.1752,-0.01605,0.2450,0,0,0
86,0.20,3,19,14,-1,-1,5.5692,0.1806,-0.01394,0.1650,0,0,0
87,0.20,3,20,13,-1,-1,5.5293,0.1803,-0.01338,0.1675,0,0,0
88,0.20,3,19,22,-1,-1,6.2739,0.1584,-0.02134,0.3756,0,0,0
89,0.20,3,20,13,-1,-1,5.5949,0.1777,-0.01468,0.1744,0,0,0
90,0.20,3,19,8,-1,-1,4.9706,0.2002,-0.00629,0.0622,0,0,0
91,0.20,3,19,15,-1,-1,5.5339,0.1797,-0.01361,0.1779,0,0,0
92,0.20,3,19,16,-1,-1,6.0956,0.1658,-0.01905,0.2975,0,0,0
93,0.20,3,17,82,-1,-1,4.6290,0.2253,0.00000,0.0156,0,0,0
94,0.20,3,19,5,-1,-1,4.7917,0.2084,-0.00342,0.0332,0,0,0
95,0.20,3,19,6,-1,-1,4.8271,0.2075,-0.00403,0.0417,0,0,0
96,0.20,3,19,15,-1,-1,5.8772,0.1691,-0.01656,0.2223,0,0,0
97,0.20,3,18,17,-1,-1,6.1325,0.1637,-0.02015,0.2887,0,0,0
98,0.20,3,20,6,-1,-1,4.9654,0.2004,-0.00502,0.0448,0,0,0
99,0.20,3,18,9,-1,-1,5.1219,0.1942,-0.00775,0.0759,0,0,0
100,0.20,3,19,9,-1,-1,5.1045,0.1958,-0.00809,0.0774,0,0,0
1,0.25,3,15,11,-1,-1,5.3955,0.1885,-0.01164,0.1119,0,0,0
2,0.25,3,16,17,-1,-1,6.3682,0.1573,-0.02235,0.3458,0,0,0
3,0.25,3,14,79,-1,-1,4.6110,0.2237,0.00000,0.0130,0,0,0
4,0.25,3,16,25,-1,-1,6.7340,0.1478,-0.02639,0.5646,0,0,0
5,0.25,3,15,11,-1,-1,5.4021,0.1863,-0.01238,0.1326,0,0,0
6,0.25,3,15,18,-1,-1,5.8003,0.1714,-0.01571,0.2344,0,0,0
7,0.25,3,15,14,-1,-1,5.7633,0.1734,-0.01627,0.1993,0,0,0
8,0.25,3,16,25,-1,-1,6.4702,0.1559,-0.02404,0.4775,0,0,0
9,0.25,3,15,18,-1,-1,5.5791,0.1796,-0.01536,0.2194,0,0,0
10,0.25,3,15,8,-1,-1,4.9607,0.2027,-0.00621,0.0535,0,0,0
11,0.25,3,16,11,-1,-1,5.1399,0.1936,-0.00889,0.0886,0,0,0
12,0.25,3,15,14,-1,-1,5.6126,0.1772,-0.01345,0.1691,0,0,0
13,0.25,3,16,20,-1,-1,6.4306,0.1545,-0.02301,0.4181,0,0,0
14,0.25,3,15,12,-1,-1,5.7814,0.1745,-0.01624,0.1983,0,0,0
15,0.25,3,15,27,-1,-1,6.2464,0.1619,-0.02190,0.4306,0,0,0
16,0.25,3,17,16,-1,-1,5.9316,0.1687,-0.01854,0.2691,0,0,0
17,0.25,3,15,6,-1,-1,4.7781,0.2103,-0.00351,0.0359,0,0,0
18,0.25,3,16,12,-1,-1,5.4784,0.1815,-0.01259,0.1305,0,0,0
19,0.25,3,16,21,-1,-1,6.4895,0.1531,-0.02337,0.4095,0,0,0
20,0.25,3,15,13,-1,-1,5.5472,0.1793,-0.01280,0.1703,0,0,0
21,0.25,3,15,17,-1,-1,6.0193,0.1667,-0.02020,0.2738,0,0,0
22,0.25,3,14,80,-1,-1,4.6079,0.2279,0.00000,0.0133,0,0,0
23,0.25,3,16,16,-1,-1,5.7300,0.1746,-0.01646,0.2295,0,0,0
24,0.25,3,15,15,-1,-1,5.4818,0.1814,-0.01339,0.1643,0,0,0
25,0.25,3,15,21,-1,-1,5.8190,0.1725,-0.01749,0.2801,0,0,0
26,0.25,3,16,11,-1,-1,5.2673,0.1888,-0.01008,0.1097,0,0,0
27,0.25,3,16,22,-1,-1,6.7491,0.1472,-0.02519,0.4747,0,0,0
28,0.25,3,16,14,-1,-1,5.4388,0.1862,-0.01218,0.1403,0,0,0
29,0.25,3,14,81,-1,-1,4.5929,0.2253,0.00000,0.0092,0,0,0
30,0.25,3,16,16,-1,-1,5.7283,0.1766,-0.01597,0.2033,0,0,0
31,0.25,3,16,31,-1,-1,6.8388,0.1458,-0.02729,0.6021,0,0,0
32,0.25,3,16,22,-1,-1,6.4891,0.1531,-0.02430,0.4100,0,0,0
33,0.25,3,15,9,-1,-1,5.0170,0.1994,-0.00642,0.0568,0,0,0
34,0.25,3,16,14,-1,-1,5.7384,0.1762,-0.01588,0.1973,0,0,0
35,0.25,3,14,4,-1,-1,4.6214,0.2154,-0.00127,0.0210,0,0,0
36,0.25,3,16,21,-1,-1,6.2091,0.1601,-0.02100,0.3917,0,0,0
37,0.25,3,14,80,-1,-1,4.6055,0.2273,0.00000,0.0130,0,0,0
38,0.25,3,15,9,-1,-1,5.0573,0.1974,-0.00807,0.0841,0,0,0
39,0.25,3,15,17,-1,-1,5.7063,0.1752,-0.01612,0.2345,0,0,0
40,0.25,3,15,13,-1,-1,5.3129,0.1890,-0.01137,0.1311,0,0,0
41,0.25,3,15,20,-1,-1,6.2267,0.1631,-0.02049,0.3327,0,0,0
42,0.25,3,16,26,-1,-1,6.5832,0.1509,-0.02444,0.5114,0,0,0
43,0.25,3,16,21,-1,-1,6.3419,0.1598,-0.02211,0.3801,0,0,0
44,0.25,3,15,7,-1,-1,4.9052,0.2057,-0.00594,0.0474,0,0,0
45,0.25,3,16,23,-1,-1,6.0747,0.1647,-0.02017,0.3801,0,0,0
46,0.25,3,15,10,-1,-1,5.1672,0.1948,-0.00893,0.0900,0,0,0
47,0.25,3,13,81,-1,-1,4.6009,0.2276,0.00000,0.0130,0,0,0
48,0.25,3,16,9,-1,-1,4.9855,0.2013,-0.00634,0.0593,0,0,0
49,0.25,3,15,21,-1,-1,6.2308,0.1598,-0.02234,0.3762,0,0,0
50,0.25,3,15,18,-1,-1,6.0189,0.1651,-0.01863,0.2905,0,0,0
51,0.25,3,16,14,-1,-1,5.2620,0.1905,-0.00999,0.1126,0,0,0
52,0.25,3,16,18,-1,-1,6.0388,0.1647,-0.01951,0.2987,0,0,0
53,0.25,3,16,11,-1,-1,5.0008,0.2017,-0.00687,0.0699,0,0,0
54,0.25,3,17,21,-1,-1,5.9592,0.1668,-0.01879,0.3242,0,0,0
55,0.25,3,16,13,-1,-1,5.6982,0.1777,-0.01547,0.1758,0,0,0
56,0.25,3,16,15,-1,-1,5.7860,0.1727,-0.01651,0.2239,0,0,0
57,0.25,3,15,12,-1,-1,5.3802,0.1880,-0.01158,0.1241,0,0,0
58,0.25,3,16,21,-1,-1,6.0643,0.1658,-0.01998,0.3268,0,0,0
59,0.25,3,15,9,-1,-1,5.0380,0.1991,-0.00708,0.0638,0,0,0
60,0.25,3,14,83,-1,-1,4.6351,0.2270,0.00000,0.0124,0,0,0
61,0.25,3,16,14,-1,-1,5.7266,0.1750,-0.01581,0.1890,0,0,0
62,0.25,3,15,76,-1,-1,4.6017,0.2202,0.00000,0.0140,0,0,0
63,0.25,3,16,22,-1,-1,6.7532,0.1471,-0.02474,0.4339,0,0,0
64,0.25,3,14,6,-1,-1,4.8114,0.2081,-0.00416,0.0352,0,0,0
65,0.25,3,16,20,-1,-1,5.8915,0.1706,-0.01747,0.2677,0,0,0
66,0.25,3,16,14,-1,-1,5.4800,0.1827,-0.01319,0.1697,0,0,0
67,0.25,3,14,80,-1,-1,4.5824,0.2270,0.00000,0.0146,0,0,0
68,0.25,3,15,22,-1,-1,6.2634,0.1587,-0.02283,0.4224,0,0,0
69,0.25,3,15,8,-1,-1,4.8171,0.2080,-0.00410,0.0434,0,0,0
70,0.25,3,15,14,-1,-1,5.5265,0.1812,-0.01403,0.1703,0,0,0
71,0.25,3,16,11,-1,-1,5.2033,0.1929,-0.01013,0.1093,0,0,0
72,0.25,3,14,11,-1,-1,5.1092,0.1971,-0.00892,0.0975,0,0,0
73,0.25,3,17,14,-1,-1,5.8496,0.1709,-0.01759,0.2341,0,0,0
74,0.25,3,14,5,-1,-1,4.6771,0.2128,-0.00202,0.0217,0,0,0
75,0.25,3,15,15,-1,-1,6.2229,0.1597,-0.02045,0.2931,0,0,0
76,0.25,3,17,22,-1,-1,6.3395,0.1574,-0.02288,0.4308,0,0,0
77,0.25,3,15,11,-1,-1,5.1671,0.1925,-0.00847,0.0819,0,0,0
78,0.25,3,16,27,-1,-1,7.2092,0.1378,-0.03047,0.7032,0,0,0
79,0.25,3,14,5,-1,-1,4.7259,0.2126,-0.00285,0.0268,0,0,0
80,0.25,3,16,10,-1,-1,5.3817,0.1854,-0.01116,0.1055,0,0,0
81,0.25,3,15,20,-1,-1,6.4192,0.1548,-0.02216,0.3939,0,0,0
82,0.25,3,15,15,-1,-1,5.9207,0.1700,-0.01769,0.2251,0,0,0
83,0.25,3,16,19,-1,-1,5.8781,0.1691,-0.01741,0.2707,0,0,0
84,0.25,3,16,11,-1,-1,5.1866,0.1933,-0.00928,0.0983,0,0,0
85,0.25,3,16,19,-1,-1,5.7292,0.1751,-0.01645,0.2527,0,0,0
86,0.25,3,16,15,-1,-1,5.6002,0.1805,-0.01435,0.1721,0,0,0
87,0.25,3,16,14,-1,-1,5.5598,0.1802,-0.01379,0.1776,0,0,0
88,0.25,3,16,23,-1,-1,6.2900,0.1583,-0.02171,0.3962,0,0,0
89,0.25,3,16,13,-1,-1,5.6231,0.1776,-0.01508,0.1744,0,0,0
90,0.25,3,16,8,-1,-1,4.9706,0.2002,-0.00670,0.0589,0,0,0
91,0.25,3,16,16,-1,-1,5.5339,0.1797,-0.01401,0.1850,0,0,0
92,0.25,3,16,16,-1,-1,6.1302,0.1658,-0.01944,0.3021,0,0,0
93,0.25,3,14,82,-1,-1,4.5909,0.2271,0.00000,0.0123,0,0,0
94,0.25,3,16,5,-1,-1,4.8172,0.2083,-0.00375,0.0321,0,0,0
95,0.25,3,16,7,-1,-1,4.8527,0.2074,-0.00444,0.0475,0,0,0
96,0.25,3,16,15,-1,-1,5.8772,0.1691,-0.01696,0.2264,0,0,0
97,0.25,3,15,18,-1,-1,6.1674,0.1637,-0.02053,0.3059,0,0,0
98,0.25,3,16,8,-1,-1,4.9654,0.2004,-0.00544,0.0526,0,0,0
99,0.25,3,15,9,-1,-1,5.1219,0.1942,-0.00815,0.0796,0,0,0
100,0.25,3,16,10,-1,-1,5.1321,0.1957,-0.00849,0.0849,0,0,0
1,0.30,3,13,11,-1,-1,5.4252,0.1884,-0.01202,0.1080,0,0,0
2,0.30,3,13,18,-1,-1,6.4050,0.1572,-0.02273,0.3651,0,0,0
3,0.30,3,12,79,-1,-1,4.5992,0.2237,0.00000,0.0114,0,0,0
4,0.30,3,14,25,-1,-1,6.7733,0.1478,-0.02674,0.5680,0,0,0
5,0.30,3,13,11,-1,-1,5.4320,0.1861,-0.01279,0.1324,0,0,0
6,0.30,3,13,19,-1,-1,5.8003,0.1714,-0.01611,0.2450,0,0,0
7,0.30,3,13,15,-1,-1,5.7957,0.1733,-0.01667,0.2110,0,0,0
8,0.30,3,14,25,-1,-1,6.5075,0.1558,-0.02440,0.4779,0,0,0
9,0.30,3,13,18,-1,-1,5.6092,0.1794,-0.01576,0.2242,0,0,0
10,0.30,3,13,8,-1,-1,4.9877,0.2026,-0.00662,0.0538,0,0,0
11,0.30,3,14,12,-1,-1,5.1679,0.1935,-0.00932,0.0990,0,0,0
12,0.30,3,13,14,-1,-1,5.6126,0.1772,-0.01386,0.1728,0,0,0
13,0.30,3,14,20,-1,-1,6.4623,0.1544,-0.02337,0.4233,0,0,0
14,0.30,3,13,12,-1,-1,5.8140,0.1744,-0.01664,0.2021,0,0,0
15,0.30,3,13,27,-1,-1,6.2820,0.1618,-0.02228,0.4375,0,0,0
16,0.30,3,14,16,-1,-1,5.9650,0.1686,-0.01892,0.2755,0,0,0
17,0.30,3,13,6,-1,-1,4.8033,0.2102,-0.00393,0.0319,0,0,0
18,0.30,3,14,12,-1,-1,5.4863,0.1815,-0.01298,0.1347,0,0,0
19,0.30,3,14,22,-1,-1,6.4895,0.1531,-0.02374,0.4288,0,0,0
20,0.30,3,13,13,-1,-1,5.5472,0.1793,-0.01322,0.1702,0,0,0
21,0.30,3,13,17,-1,-1,6.0534,0.1666,-0.02058,0.2792,0,0,0
22,0.30,3,12,80,-1,-1,4.5897,0.2294,0.00000,0.0080,0,0,0
23,0.30,3,14,16,-1,-1,5.7621,0.1745,-0.01685,0.2319,0,0,0
24,0.30,3,13,16,-1,-1,5.5029,0.1814,-0.01380,0.1744,0,0,0
25,0.30,3,13,22,-1,-1,5.8518,0.1723,-0.01788,0.2946,0,0,0
26,0.30,3,13,11,-1,-1,5.2850,0.1888,-0.01047,0.1167,0,0,0
27,0.30,3,14,23,-1,-1,6.7491,0.1472,-0.02555,0.4935,0,0,0
28,0.30,3,13,14,-1,-1,5.4688,0.1861,-0.01260,0.1432,0,0,0
29,0.30,3,12,81,-1,-1,4.5736,0.2253,0.00000,0.0093,0,0,0
30,0.30,3,14,17,-1,-1,5.7602,0.1765,-0.01637,0.2099,0,0,0
31,0.30,3,14,31,-1,-1,6.8788,0.1457,-0.02764,0.6120,0,0,0
32,0.30,3,14,22,-1,-1,6.5194,0.1530,-0.02466,0.4129,0,0,0
33,0.30,3,13,9,-1,-1,5.0444,0.1993,-0.00683,0.0545,0,0,0
34,0.30,3,14,14,-1,-1,5.7707,0.1761,-0.01629,0.2000,0,0,0
35,0.30,3,12,5,-1,-1,4.6457,0.2153,-0.00165,0.0170,0,0,0
36,0.30,3,14,21,-1,-1,6.2091,0.1601,-0.02138,0.3990,0,0,0
37,0.30,3,12,80,-1,-1,4.5763,0.2283,0.00000,0.0097,0,0,0
38,0.30,3,13,9,-1,-1,5.0847,0.1973,-0.00850,0.0820,0,0,0
39,0.30,3,13,17,-1,-1,5.7384,0.1751,-0.01652,0.2304,0,0,0
40,0.30,3,13,13,-1,-1,5.3422,0.1889,-0.01179,0.1382,0,0,0
41,0.30,3,13,20,-1,-1,6.2625,0.1630,-0.02087,0.3392,0,0,0
42,0.30,3,14,28,-1,-1,6.5899,0.1509,-0.02480,0.5399,0,0,0
43,0.30,3,13,21,-1,-1,6.3780,0.1597,-0.02248,0.3922,0,0,0
44,0.30,3,13,7,-1,-1,4.9315,0.2055,-0.00635,0.0525,0,0,0
45,0.30,3,14,23,-1,-1,6.1091,0.1646,-0.02055,0.3882,0,0,0
46,0.30,3,13,11,-1,-1,5.1953,0.1947,-0.00933,0.0893,0,0,0
47,0.30,3,12,81,-1,-1,4.5988,0.2294,0.00000,0.0119,0,0,0
48,0.30,3,14,9,-1,-1,5.0124,0.2012,-0.00675,0.0570,0,0,0
49,0.30,3,13,21,-1,-1,6.2665,0.1597,-0.02271,0.3856,0,0,0
50,0.30,3,13,18,-1,-1,6.0490,0.1651,-0.01902,0.2968,0,0,0
51,0.30,3,13,15,-1,-1,5.2907,0.1904,-0.01038,0.1202,0,0,0
52,0.30,3,14,19,-1,-1,6.0730,0.1646,-0.01989,0.3179,0,0,0
53,0.30,3,14,11,-1,-1,5.0277,0.2015,-0.00731,0.0723,0,0,0
54,0.30,3,14,23,-1,-1,5.9592,0.1668,-0.01918,0.3517,0,0,0
55,0.30,3,14,13,-1,-1,5.7299,0.1776,-0.01587,0.1802,0,0,0
56,0.30,3,14,15,-1,-1,5.8186,0.1726,-0.01691,0.2320,0,0,0
57,0.30,3,13,14,-1,-1,5.4099,0.1879,-0.01197,0.1333,0,0,0
58,0.30,3,13,21,-1,-1,6.0988,0.1656,-0.02036,0.3371,0,0,0
59,0.30,3,13,9,-1,-1,5.0653,0.1990,-0.00748,0.0659,0,0,0
60,0.30,3,12,83,-1,-1,4.6048,0.2287,0.00000,0.0116,0,0,0
61,0.30,3,13,14,-1,-1,5.7587,0.1749,-0.01621,0.1922,0,0,0
62,0.30,3,12,76,-1,-1,4.5934,0.2202,0.00000,0.0092,0,0,0
63,0.30,3,14,22,-1,-1,6.7532,0.1471,-0.02510,0.4352,0,0,0
64,0.30,3,13,6,-1,-1,4.8372,0.2080,-0.00459,0.0333,0,0,0
65,0.30,3,14,20,-1,-1,5.9248,0.1705,-0.01786,0.2699,0,0,0
66,0.30,3,13,14,-1,-1,5.5105,0.1826,-0.01360,0.1692,0,0,0
67,0.30,3,12,80,-1,-1,4.5918,0.2286,0.00000,0.0095,0,0,0
68,0.30,3,13,22,-1,-1,6.2758,0.1586,-0.02320,0.4229,0,0,0
69,0.30,3,13,8,-1,-1,4.8429,0.2079,-0.00452,0.0483,0,0,0
70,0.30,3,13,14,-1,-1,5.5572,0.1811,-0.01444,0.1693,0,0,0
71,0.30,3,13,11,-1,-1,5.2318,0.1928,-0.01056,0.1093,0,0,0
72,0.30,3,12,12,-1,-1,5.1371,0.1970,-0.00935,0.1059,0,0,0
73,0.30,3,14,15,-1,-1,5.8825,0.1708,-0.01798,0.2523,0,0,0
74,0.30,3,12,5,-1,-1,4.6959,0.2127,-0.00244,0.0237,0,0,0
75,0.30,3,13,15,-1,-1,6.2358,0.1597,-0.02083,0.2953,0,0,0
76,0.30,3,14,22,-1,-1,6.3759,0.1573,-0.02325,0.4382,0,0,0
77,0.30,3,13,11,-1,-1,5.1889,0.1924,-0.00887,0.0900,0,0,0
78,0.30,3,14,27,-1,-1,7.2516,0.1377,-0.03081,0.7061,0,0,0
79,0.30,3,12,5,-1,-1,4.7510,0.2124,-0.00327,0.0273,0,0,0
80,0.30,3,14,10,-1,-1,5.4116,0.1853,-0.01156,0.1091,0,0,0
81,0.30,3,13,20,-1,-1,6.4192,0.1548,-0.02253,0.3951,0,0,0
82,0.30,3,13,15,-1,-1,5.9541,0.1699,-0.01808,0.2339,0,0,0
83,0.30,3,13,19,-1,-1,5.8781,0.1691,-0.01779,0.2751,0,0,0
84,0.30,3,14,11,-1,-1,5.2150,0.1932,-0.00968,0.0981,0,0,0
85,0.30,3,14,19,-1,-1,5.7614,0.1750,-0.01685,0.2602,0,0,0
86,0.30,3,14,16,-1,-1,5.6315,0.1804,-0.01475,0.1827,0,0,0
87,0.30,3,14,14,-1,-1,5.5906,0.1801,-0.01420,0.1814,0,0,0
88,0.30,3,13,23,-1,-1,6.3260,0.1583,-0.02209,0.4005,0,0,0
89,0.30,3,14,14,-1,-1,5.6545,0.1775,-0.01549,0.1813,0,0,0
90,0.30,3,14,8,-1,-1,4.9946,0.2001,-0.00711,0.0574,0,0,0
91,0.30,3,13,16,-1,-1,5.5339,0.1797,-0.01442,0.1869,0,0,0
92,0.30,3,14,16,-1,-1,6.1652,0.1657,-0.01982,0.3023,0,0,0
93,0.30,3,12,82,-1,-1,4.6231,0.2288,0.00000,0.0175,0,0,0
94,0.30,3,14,5,-1,-1,4.8430,0.2082,-0.00408,0.0319,0,0,0
95,0.30,3,14,8,-1,-1,4.8785,0.2073,-0.00486,0.0427,0,0,0
96,0.30,3,14,16,-1,-1,5.8883,0.1691,-0.01735,0.2444,0,0,0
97,0.30,3,13,18,-1,-1,6.2026,0.1636,-0.02091,0.3111,0,0,0
98,0.30,3,14,8,-1,-1,4.9735,0.2004,-0.00585,0.0497,0,0,0
99,0.30,3,13,9,-1,-1,5.1425,0.1942,-0.00856,0.0826,0,0,0
100,0.30,3,13,10,-1,-1,5.1599,0.1956,-0.00889,0.0842,0,0,0
1,0.35,3,12,11,-1,-1,5.4552,0.1882,-0.01241,0.1123,0,0,0
2,0.35,3,12,18,-1,-1,6.4422,0.1571,-0.02310,0.3740,0,0,0
3,0.35,3,11,79,-1,-1,4.5885,0.2237,0.00000,0.0095,0,0,0
4,0.35,3,12,25,-1,-1,6.8129,0.1477,-0.02709,0.5791,0,0,0
5,0.35,3,12,13,-1,-1,5.4622,0.1860,-0.01321,0.1537,0,0,0
6,0.35,3,12,19,-1,-1,5.8173,0.1714,-0.01651,0.2469,0,0,0
7,0.35,3,12,15,-1,-1,5.8284,0.1732,-0.01707,0.2153,0,0,0
8,0.35,3,13,25,-1,-1,6.5451,0.1557,-0.02477,0.4996,0,0,0
9,0.35,3,12,18,-1,-1,5.6397,0.1793,-0.01616,0.2317,0,0,0
10,0.35,3,11,8,-1,-1,5.0149,0.2024,-0.00704,0.0525,0,0,0
11,0.35,3,12,12,-1,-1,5.1963,0.1934,-0.00975,0.1009,0,0,0
12,0.35,3,12,14,-1,-1,5.6126,0.1772,-0.01427,0.1834,0,0,0
13,0.35,3,12,20,-1,-1,6.4996,0.1543,-0.02374,0.4291,0,0,0
14,0.35,3,11,12,-1,-1,5.8469,0.1743,-0.01704,0.2006,0,0,0
15,0.35,3,11,27,-1,-1,6.3180,0.1617,-0.02266,0.4478,0,0,0
16,0.35,3,12,16,-1,-1,5.9987,0.1685,-0.01931,0.2795,0,0,0
17,0.35,3,12,7,-1,-1,4.8289,0.2100,-0.00435,0.0349,0,0,0
18,0.35,3,12,12,-1,-1,5.5170,0.1814,-0.01339,0.1410,0,0,0
19,0.35,3,12,22,-1,-1,6.4895,0.1531,-0.02410,0.4384,0,0,0
20,0.35,3,11,13,-1,-1,5.5599,0.1792,-0.01363,0.1738,0,0,0
21,0.35,3,12,18,-1,-1,6.0878,0.1664,-0.02096,0.2969,0,0,0
22,0.35,3,11,80,-1,-1,4.5995,0.2309,0.00000,0.0070,0,0,0
23,0.35,3,12,17,-1,-1,5.7946,0.1743,-0.01725,0.2486,0,0,0
24,0.35,3,11,16,-1,-1,5.5336,0.1813,-0.01421,0.1799,0,0,0
25,0.35,3,11,22,-1,-1,5.8849,0.1721,-0.01828,0.2956,0,0,0
26,0.35,3,12,11,-1,-1,5.3140,0.1887,-0.01087,0.1142,0,0,0
27,0.35,3,12,25,-1,-1,6.7687,0.1471,-0.02590,0.5266,0,0,0
28,0.35,3,12,14,-1,-1,5.4991,0.1860,-0.01301,0.1469,0,0,0
29,0.35,3,11,81,-1,-1,4.5703,0.2253,0.00000,0.0065,0,0,0
30,0.35,3,12,17,-1,-1,5.7925,0.1764,-0.01677,0.2246,0,0,0
31,0.35,3,12,31,-1,-1,6.9192,0.1456,-0.02798,0.6213,0,0,0
32,0.35,3,12,22,-1,-1,6.5569,0.1529,-0.02502,0.4189,0,0,0
33,0.35,3,12,10,-1,-1,5.0720,0.1991,-0.00724,0.0593,0,0,0
34,0.35,3,12,14,-1,-1,5.8033,0.1759,-0.01669,0.2030,0,0,0
35,0.35,3,10,5,-1,-1,4.6702,0.2152,-0.00208,0.0199,0,0,0
36,0.35,3,12,21,-1,-1,6.2380,0.1600,-0.02176,0.4028,0,0,0
37,0.35,3,11,80,-1,-1,4.6258,0.2297,0.00000,0.0154,0,0,0
38,0.35,3,12,9,-1,-1,5.1124,0.1971,-0.00893,0.0796,0,0,0
39,0.35,3,11,18,-1,-1,5.7707,0.1750,-0.01692,0.2434,0,0,0
40,0.35,3,11,13,-1,-1,5.3718,0.1887,-0.01221,0.1359,0,0,0
41,0.35,3,12,20,-1,-1,6.2987,0.1629,-0.02125,0.3392,0,0,0
42,0.35,3,12,28,-1,-1,6.6281,0.1508,-0.02516,0.5453,0,0,0
43,0.35,3,12,21,-1,-1,6.4145,0.1596,-0.02285,0.3965,0,0,0
44,0.35,3,11,7,-1,-1,4.9581,0.2053,-0.00676,0.0513,0,0,0
45,0.35,3,12,23,-1,-1,6.1439,0.1645,-0.02093,0.3937,0,0,0
46,0.35,3,11,11,-1,-1,5.2238,0.1946,-0.00973,0.0966,0,0,0
47,0.35,3,10,81,-1,-1,4.6019,0.2308,0.00000,0.0083,0,0,0
48,0.35,3,12,9,-1,-1,5.0396,0.2011,-0.00716,0.0609,0,0,0
49,0.35,3,12,21,-1,-1,6.3026,0.1595,-0.02308,0.3914,0,0,0
50,0.35,3,11,18,-1,-1,6.0834,0.1650,-0.01940,0.2967,0,0,0
51,0.35,3,12,16,-1,-1,5.3198,0.1903,-0.01078,0.1315,0,0,0
52,0.35,3,12,19,-1,-1,6.1075,0.1645,-0.02028,0.3211,0,0,0
53,0.35,3,12,11,-1,-1,5.0550,0.2014,-0.00775,0.0755,0,0,0
54,0.35,3,13,23,-1,-1,5.9699,0.1668,-0.01957,0.3619,0,0,0
55,0.35,3,12,13,-1,-1,5.7620,0.1774,-0.01627,0.1858,0,0,0
56,0.35,3,12,15,-1,-1,5.8515,0.1725,-0.01730,0.2326,0,0,0
57,0.35,3,11,14,-1,-1,5.4399,0.1878,-0.01236,0.1356,0,0,0
58,0.35,3,12,21,-1,-1,6.1336,0.1654,-0.02074,0.3432,0,0,0
59,0.35,3,12,9,-1,-1,5.0929,0.1989,-0.00789,0.0700,0,0,0
60,0.35,3,10,83,-1,-1,4.6048,0.2297,0.00000,0.0083,0,0,0
61,0.35,3,12,14,-1,-1,5.7910,0.1748,-0.01660,0.1949,0,0,0
62,0.35,3,11,76,-1,-1,4.6245,0.2202,0.00000,0.0125,0,0,0
63,0.35,3,12,23,-1,-1,6.7532,0.1471,-0.02546,0.4569,0,0,0
64,0.35,3,11,6,-1,-1,4.8634,0.2078,-0.00501,0.0366,0,0,0
65,0.35,3,12,20,-1,-1,5.9584,0.1704,-0.01826,0.2748,0,0,0
66,0.35,3,12,14,-1,-1,5.5413,0.1825,-0.01401,0.1789,0,0,0
67,0.35,3,11,80,-1,-1,4.5744,0.2295,0.00000,0.0103,0,0,0
68,0.35,3,12,22,-1,-1,6.3117,0.1585,-0.02357,0.4330,0,0,0
69,0.35,3,12,8,-1,-1,4.8689,0.2078,-0.00494,0.0438,0,0,0
70,0.35,3,11,14,-1,-1,5.5883,0.1809,-0.01485,0.1772,0,0,0
71,0.35,3,12,11,-1,-1,5.2606,0.1926,-0.01098,0.1149,0,0,0
72,0.35,3,11,12,-1,-1,5.1652,0.1966,-0.00979,0.1047,0,0,0
73,0.35,3,12,16,-1,-1,5.9157,0.1707,-0.01837,0.2664,0,0,0
74,0.35,3,11,5,-1,-1,4.7208,0.2126,-0.00287,0.0216,0,0,0
75,0.35,3,11,15,-1,-1,6.2716,0.1596,-0.02121,0.3025,0,0,0
76,0.35,3,13,23,-1,-1,6.4127,0.1572,-0.02363,0.4580,0,0,0
77,0.35,3,11,11,-1,-1,5.2174,0.1923,-0.00927,0.0893,0,0,0
78,0.35,3,12,27,-1,-1,7.2943,0.1376,-0.03114,0.7141,0,0,0
79,0.35,3,11,5,-1,-1,4.7763,0.2122,-0.00370,0.0273,0,0,0
80,0.35,3,12,10,-1,-1,5.4417,0.1852,-0.01195,0.1093,0,0,0
81,0.35,3,11,20,-1,-1,6.4192,0.1548,-0.02290,0.4041,0,0,0
82,0.35,3,12,16,-1,-1,5.9878,0.1698,-0.01847,0.2410,0,0,0
83,0.35,3,12,19,-1,-1,5.8943,0.1691,-0.01818,0.2768,0,0,0
84,0.35,3,12,11,-1,-1,5.2437,0.1931,-0.01008,0.1014,0,0,0
85,0.35,3,12,19,-1,-1,5.7939,0.1749,-0.01725,0.2658,0,0,0
86,0.35,3,12,16,-1,-1,5.6630,0.1802,-0.01516,0.1924,0,0,0
87,0.35,3,12,14,-1,-1,5.6218,0.1800,-0.01460,0.1881,0,0,0
88,0.35,3,12,23,-1,-1,6.3623,0.1582,-0.02246,0.4124,0,0,0
89,0.35,3,12,15,-1,-1,5.6862,0.1774,-0.01589,0.1943,0,0,0
90,0.35,3,12,8,-1,-1,5.0216,0.1999,-0.00751,0.0626,0,0,0
91,0.35,3,12,16,-1,-1,5.5617,0.1796,-0.01483,0.1933,0,0,0
92,0.35,3,12,17,-1,-1,6.2006,0.1656,-0.02021,0.3228,0,0,0
93,0.35,3,10,82,-1,-1,4.5792,0.2301,0.00000,0.0077,0,0,0
94,0.35,3,12,5,-1,-1,4.8690,0.2081,-0.00441,0.0308,0,0,0
95,0.35,3,12,8,-1,-1,4.9046,0.2072,-0.00527,0.0419,0,0,0
96,0.35,3,12,16,-1,-1,5.9216,0.1690,-0.01775,0.2480,0,0,0
97,0.35,3,11,18,-1,-1,6.2381,0.1635,-0.02129,0.3120,0,0,0
98,0.35,3,12,8,-1,-1,5.0004,0.2003,-0.00626,0.0500,0,0,0
99,0.35,3,11,10,-1,-1,5.1707,0.1941,-0.00896,0.0863,0,0,0
100,0.35,3,12,10,-1,-1,5.1880,0.1955,-0.00929,0.0901,0,0,0
1,0.40,3,10,11,-1,-1,5.4856,0.1881,-0.01280,0.1115,0,0,0
2,0.40,3,11,18,-1,-1,6.4796,0.1570,-0.02347,0.3749,0,0,0
3,0.40,3,9,79,-1,-1,4.5849,0.2237,0.00000,0.0082,0,0,0
4,0.40,3,11,25,-1,-1,6.8528,0.1475,-0.02744,0.5853,0,0,0
5,0.40,3,11,13,-1,-1,5.4927,0.1858,-0.01362,0.1558,0,0,0
6,0.40,3,10,19,-1,-1,5.8502,0.1713,-0.01691,0.2561,0,0,0
7,0.40,3,10,15,-1,-1,5.8614,0.1731,-0.01747,0.2185,0,0,0
8,0.40,3,12,25,-1,-1,6.5832,0.1556,-0.02513,0.5184,0,0,0
9,0.40,3,11,18,-1,-1,5.6704,0.1791,-0.01656,0.2365,0,0,0
10,0.40,3,10,9,-1,-1,5.0424,0.2022,-0.00745,0.0581,0,0,0
11,0.40,3,11,12,-1,-1,5.2249,0.1933,-0.01018,0.1065,0,0,0
12,0.40,3,11,15,-1,-1,5.6435,0.1771,-0.01468,0.1906,0,0,0
13,0.40,3,11,20,-1,-1,6.5372,0.1543,-0.02411,0.4626,0,0,0
14,0.40,3,10,13,-1,-1,5.8802,0.1742,-0.01743,0.2166,0,0,0
15,0.40,3,10,27,-1,-1,6.3544,0.1616,-0.02303,0.4499,0,0,0
16,0.40,3,11,16,-1,-1,6.0328,0.1684,-0.01969,0.2839,0,0,0
17,0.40,3,10,7,-1,-1,4.8546,0.2098,-0.00477,0.0358,0,0,0
18,0.40,3,11,12,-1,-1,5.5479,0.1813,-0.01381,0.1435,0,0,0
19,0.40,3,11,22,-1,-1,6.4895,0.1531,-0.02447,0.4455,0,0,0
20,0.40,3,10,13,-1,-1,5.5910,0.1791,-0.01404,0.1783,0,0,0
21,0.40,3,11,18,-1,-1,6.1225,0.1662,-0.02134,0.3015,0,0,0
22,0.40,3,9,80,-1,-1,4.6259,0.2323,0.00000,0.0108,0,0,0
23,0.40,3,11,18,-1,-1,5.8273,0.1741,-0.01765,0.2636,0,0,0
24,0.40,3,10,16,-1,-1,5.5646,0.1812,-0.01462,0.1854,0,0,0
25,0.40,3,10,22,-1,-1,5.9183,0.1719,-0.01867,0.3042,0,0,0
26,0.40,3,11,11,-1,-1,5.3434,0.1886,-0.01128,0.1153,0,0,0
27,0.40,3,11,25,-1,-1,6.8081,0.1470,-0.02626,0.5371,0,0,0
28,0.40,3,11,14,-1,-1,5.5297,0.1859,-0.01343,0.1521,0,0,0
29,0.40,3,10,81,-1,-1,4.5791,0.2253,0.00000,0.0061,0,0,0
30,0.40,3,11,17,-1,-1,5.8250,0.1763,-0.01716,0.2188,0,0,0
31,0.40,3,11,31,-1,-1,6.9600,0.1455,-0.02833,0.6326,0,0,0
32,0.40,3,11,22,-1,-1,6.5949,0.1528,-0.02538,0.4257,0,0,0
33,0.40,3,10,10,-1,-1,5.0998,0.1990,-0.00766,0.0597,0,0,0
34,0.40,3,11,14,-1,-1,5.8362,0.1757,-0.01709,0.2066,0,0,0
35,0.40,3,9,5,-1,-1,4.6950,0.2150,-0.00250,0.0189,0,0,0
36,0.40,3,11,21,-1,-1,6.2739,0.1599,-0.02214,0.4074,0,0,0
37,0.40,3,10,80,-1,-1,4.5726,0.2306,0.00000,0.0070,0,0,0
38,0.40,3,10,10,-1,-1,5.1403,0.1969,-0.00936,0.0882,0,0,0
39,0.40,3,10,18,-1,-1,5.8034,0.1748,-0.01732,0.2517,0,0,0
40,0.40,3,10,15,-1,-1,5.4017,0.1885,-0.01263,0.1552,0,0,0
41,0.40,3,10,20,-1,-1,6.3351,0.1628,-0.02164,0.3429,0,0,0
42,0.40,3,11,28,-1,-1,6.6667,0.1507,-0.02552,0.5520,0,0,0
43,0.40,3,11,21,-1,-1,6.4514,0.1595,-0.02322,0.3990,0,0,0
44,0.40,3,10,8,-1,-1,4.9850,0.2050,-0.00717,0.0541,0,0,0
45,0.40,3,11,23,-1,-1,6.1790,0.1644,-0.02131,0.4020,0,0,0
46,0.40,3,10,11,-1,-1,5.2526,0.1944,-0.01013,0.0955,0,0,0
47,0.40,3,9,81,-1,-1,4.6200,0.2317,0.00000,0.0122,0,0,0
48,0.40,3,11,9,-1,-1,5.0671,0.2010,-0.00757,0.0601,0,0,0
49,0.40,3,10,21,-1,-1,6.3390,0.1593,-0.02346,0.3914,0,0,0
50,0.40,3,10,19,-1,-1,6.1181,0.1649,-0.01979,0.3136,0,0,0
51,0.40,3,11,16,-1,-1,5.3491,0.1902,-0.01117,0.1361,0,0,0
52,0.40,3,11,19,-1,-1,6.1424,0.1644,-0.02066,0.3273,0,0,0
53,0.40,3,11,11,-1,-1,5.0825,0.2011,-0.00818,0.0801,0,0,0
54,0.40,3,11,23,-1,-1,6.0039,0.1667,-0.01995,0.3680,0,0,0
55,0.40,3,11,13,-1,-1,5.7943,0.1773,-0.01667,0.1891,0,0,0
56,0.40,3,12,15,-1,-1,5.8848,0.1724,-0.01770,0.2599,0,0,0
57,0.40,3,10,14,-1,-1,5.4702,0.1876,-0.01275,0.1389,0,0,0
58,0.40,3,11,22,-1,-1,6.1687,0.1653,-0.02112,0.3602,0,0,0
59,0.40,3,10,10,-1,-1,5.1208,0.1988,-0.00830,0.0739,0,0,0
60,0.40,3,9,83,-1,-1,4.6048,0.2306,0.00000,0.0102,0,0,0
61,0.40,3,11,15,-1,-1,5.8237,0.1747,-0.01700,0.2038,0,0,0
62,0.40,3,10,76,-1,-1,4.6001,0.2202,0.00000,0.0064,0,0,0
63,0.40,3,11,23,-1,-1,6.7532,0.1471,-0.02582,0.4630,0,0,0
64,0.40,3,10,7,-1,-1,4.8897,0.2076,-0.00543,0.0416,0,0,0
65,0.40,3,11,20,-1,-1,5.9924,0.1703,-0.01865,0.2821,0,0,0
66,0.40,3,11,14,-1,-1,5.5724,0.1824,-0.01443,0.1815,0,0,0
67,0.40,3,10,80,-1,-1,4.6030,0.2310,0.00000,0.0101,0,0,0
68,0.40,3,11,22,-1,-1,6.3479,0.1583,-0.02394,0.4399,0,0,0
69,0.40,3,11,8,-1,-1,4.8952,0.2076,-0.00536,0.0429,0,0,0
70,0.40,3,10,14,-1,-1,5.6197,0.1807,-0.01526,0.1793,0,0,0
71,0.40,3,11,11,-1,-1,5.2897,0.1924,-0.01141,0.1181,0,0,0
72,0.40,3,10,12,-1,-1,5.1936,0.1963,-0.01022,0.1114,0,0,0
73,0.40,3,11,16,-1,-1,5.9492,0.1706,-0.01876,0.2697,0,0,0
74,0.40,3,10,5,-1,-1,4.7460,0.2124,-0.00329,0.0251,0,0,0
75,0.40,3,10,15,-1,-1,6.3078,0.1595,-0.02159,0.3050,0,0,0
76,0.40,3,11,23,-1,-1,6.4498,0.1571,-0.02400,0.4630,0,0,0
77,0.40,3,10,11,-1,-1,5.2461,0.1922,-0.00968,0.0957,0,0,0
78,0.40,3,11,28,-1,-1,7.3375,0.1375,-0.03148,0.7418,0,0,0
79,0.40,3,10,6,-1,-1,4.8019,0.2120,-0.00412,0.0278,0,0,0
80,0.40,3,11,10,-1,-1,5.4722,0.1851,-0.01234,0.1152,0,0,0
81,0.40,3,10,21,-1,-1,6.4520,0.1547,-0.02327,0.4265,0,0,0
82,0.40,3,10,16,-1,-1,6.0219,0.1697,-0.01886,0.2464,0,0,0
83,0.40,3,11,19,-1,-1,5.9275,0.1690,-0.01857,0.2813,0,0,0
84,0.40,3,11,12,-1,-1,5.2727,0.1929,-0.01048,0.1095,0,0,0
85,0.40,3,11,19,-1,-1,5.8267,0.1747,-0.01765,0.2690,0,0,0
86,0.40,3,11,16,-1,-1,5.6949,0.1800,-0.01557,0.1963,0,0,0
87,0.40,3,11,15,-1,-1,5.6533,0.1799,-0.01501,0.1950,0,0,0
88,0.40,3,11,23,-1,-1,6.3990,0.1581,-0.02283,0.4142,0,0,0
89,0.40,3,11,15,-1,-1,5.7183,0.1772,-0.01629,0.2005,0,0,0
90,0.40,3,11,8,-1,-1,5.0488,0.1997,-0.00792,0.0629,0,0,0
91,0.40,3,11,16,-1,-1,5.5928,0.1795,-0.01524,0.1929,0,0,0
92,0.40,3,11,17,-1,-1,6.2362,0.1655,-0.02059,0.3262,0,0,0
93,0.40,3,9,82,-1,-1,4.6185,0.2314,0.00000,0.0080,0,0,0
94,0.40,3,11,5,-1,-1,4.8953,0.2080,-0.00480,0.0349,0,0,0
95,0.40,3,11,8,-1,-1,4.9310,0.2070,-0.00569,0.0455,0,0,0
96,0.40,3,11,16,-1,-1,5.9553,0.1689,-0.01814,0.2488,0,0,0
97,0.40,3,10,19,-1,-1,6.2740,0.1634,-0.02167,0.3314,0,0,0
98,0.40,3,11,8,-1,-1,5.0276,0.2001,-0.00668,0.0514,0,0,0
99,0.40,3,10,10,-1,-1,5.1992,0.1939,-0.00936,0.0882,0,0,0
100,0.40,3,11,10,-1,-1,5.2164,0.1953,-0.00969,0.0893,0,0,0
1,0.45,3,10,11,-1,-1,5.5162,0.1879,-0.01319,0.1171,0,0,0
2,0.45,3,10,18,-1,-1,6.5175,0.1569,-0.02384,0.3843,0,0,0
3,0.45,3,9,79,-1,-1,4.5727,0.2237,0.00000,0.0052,0,0,0
4,0.45,3,10,25,-1,-1,6.8932,0.1473,-0.02779,0.5924,0,0,0
5,0.45,3,10,13,-1,-1,5.5234,0.1856,-0.01404,0.1595,0,0,0
6,0.45,3,9,19,-1,-1,5.8834,0.1712,-0.01731,0.2600,0,0,0
7,0.45,3,10,15,-1,-1,5.8948,0.1730,-0.01786,0.2227,0,0,0
8,0.45,3,10,27,-1,-1,6.6215,0.1554,-0.02549,0.5279,0,0,0
9,0.45,3,10,18,-1,-1,5.7014,0.1788,-0.01696,0.2444,0,0,0
10,0.45,3,9,9,-1,-1,5.0702,0.2020,-0.00787,0.0635,0,0,0
11,0.45,3,10,12,-1,-1,5.2538,0.1931,-0.01061,0.1068,0,0,0
12,0.45,3,10,15,-1,-1,5.6754,0.1770,-0.01509,0.1980,0,0,0
13,0.45,3,10,22,-1,-1,6.5753,0.1542,-0.02447,0.4741,0,0,0
14,0.45,3,9,13,-1,-1,5.9137,0.1740,-0.01783,0.2196,0,0,0
15,0.45,3,9,27,-1,-1,6.3911,0.1614,-0.02341,0.4625,0,0,0
16,0.45,3,10,16,-1,-1,6.0672,0.1683,-0.02008,0.2902,0,0,0
17,0.45,3,10,7,-1,-1,4.8807,0.2096,-0.00518,0.0380,0,0,0
18,0.45,3,10,12,-1,-1,5.5792,0.1812,-0.01422,0.1453,0,0,0
19,0.45,3,10,22,-1,-1,6.5257,0.1530,-0.02483,0.4493,0,0,0
20,0.45,3,9,13,-1,-1,5.6225,0.1790,-0.01446,0.1817,0,0,0
21,0.45,3,10,18,-1,-1,6.1576,0.1660,-0.02172,0.3050,0,0,0
22,0.45,3,9,80,-1,-1,4.5776,0.2335,0.00000,0.0089,0,0,0
23,0.45,3,10,18,-1,-1,5.8604,0.1739,-0.01804,0.2671,0,0,0
24,0.45,3,9,16,-1,-1,5.5958,0.1810,-0.01503,0.1899,0,0,0
25,0.45,3,9,23,-1,-1,5.9521,0.1718,-0.01906,0.3188,0,0,0
26,0.45,3,10,11,-1,-1,5.3730,0.1885,-0.01170,0.1222,0,0,0
27,0.45,3,10,25,-1,-1,6.8478,0.1470,-0.02661,0.5405,0,0,0
28,0.45,3,10,15,-1,-1,5.5606,0.1857,-0.01384,0.1651,0,0,0
29,0.45,3,9,81,-1,-1,4.5624,0.2253,0.00000,0.0058,0,0,0
30,0.45,3,10,17,-1,-1,5.8579,0.1761,-0.01756,0.2262,0,0,0
31,0.45,3,10,31,-1,-1,7.0011,0.1454,-0.02868,0.6431,0,0,0
32,0.45,3,10,22,-1,-1,6.6332,0.1526,-0.02574,0.4342,0,0,0
33,0.45,3,10,10,-1,-1,5.1280,0.1989,-0.00807,0.0658,0,0,0
34,0.45,3,10,14,-1,-1,5.8695,0.1755,-0.01749,0.2121,0,0,0
35,0.45,3,9,6,-1,-1,4.7201,0.2148,-0.00293,0.0211,0,0,0
36,0.45,3,10,21,-1,-1,6.3101,0.1598,-0.02253,0.4152,0,0,0
37,0.45,3,9,80,-1,-1,4.5643,0.2329,0.00000,0.0050,0,0,0
38,0.45,3,10,10,-1,-1,5.1685,0.1967,-0.00980,0.0918,0,0,0
39,0.45,3,9,18,-1,-1,5.8364,0.1746,-0.01772,0.2561,0,0,0
40,0.45,3,9,15,-1,-1,5.4318,0.1884,-0.01305,0.1576,0,0,0
41,0.45,3,9,20,-1,-1,6.3720,0.1628,-0.02201,0.3496,0,0,0
42,0.45,3,10,28,-1,-1,6.7056,0.1506,-0.02588,0.5577,0,0,0
43,0.45,3,10,21,-1,-1,6.4886,0.1593,-0.02359,0.4091,0,0,0
44,0.45,3,9,8,-1,-1,5.0121,0.2048,-0.00759,0.0576,0,0,0
45,0.45,3,10,23,-1,-1,6.2145,0.1643,-0.02169,0.4065,0,0,0
46,0.45,3,9,12,-1,-1,5.2816,0.1942,-0.01053,0.1048,0,0,0
47,0.45,3,8,81,-1,-1,4.6038,0.2330,0.00000,0.0094,0,0,0
48,0.45,3,10,10,-1,-1,5.0948,0.2008,-0.00798,0.0665,0,0,0
49,0.45,3,10,22,-1,-1,6.3758,0.1592,-0.02383,0.4185,0,0,0
50,0.45,3,9,19,-1,-1,6.1532,0.1648,-0.02017,0.3192,0,0,0
51,0.45,3,10,16,-1,-1,5.3787,0.1901,-0.01157,0.1410,0,0,0
52,0.45,3,10,19,-1,-1,6.1776,0.1643,-0.02104,0.3329,0,0,0
53,0.45,3,10,11,-1,-1,5.1103,0.2007,-0.00862,0.0774,0,0,0
54,0.45,3,10,23,-1,-1,6.0382,0.1666,-0.02034,0.3690,0,0,0
55,0.45,3,10,13,-1,-1,5.8270,0.1771,-0.01707,0.1919,0,0,0
56,0.45,3,10,17,-1,-1,5.9184,0.1723,-0.01810,0.2687,0,0,0
57,0.45,3,9,14,-1,-1,5.5008,0.1874,-0.01313,0.1450,0,0,0
58,0.45,3,10,22,-1,-1,6.2042,0.1651,-0.02150,0.3637,0,0,0
59,0.45,3,10,10,-1,-1,5.1489,0.1986,-0.00871,0.0782,0,0,0
60,0.45,3,8,83,-1,-1,4.6048,0.2306,0.00000,0.0070,0,0,0
61,0.45,3,10,15,-1,-1,5.8567,0.1745,-0.01740,0.2093,0,0,0
62,0.45,3,9,76,-1,-1,4.5849,0.2202,0.00000,0.0097,0,0,0
63,0.45,3,10,23,-1,-1,6.7577,0.1471,-0.02617,0.4743,0,0,0
64,0.45,3,9,7,-1,-1,4.9164,0.2074,-0.00585,0.0438,0,0,0
65,0.45,3,10,20,-1,-1,6.0266,0.1702,-0.01904,0.2859,0,0,0
66,0.45,3,10,14,-1,-1,5.6039,0.1822,-0.01484,0.1839,0,0,0
67,0.45,3,9,80,-1,-1,4.5812,0.2312,0.00000,0.0082,0,0,0
68,0.45,3,10,23,-1,-1,6.3844,0.1581,-0.02431,0.4644,0,0,0
69,0.45,3,10,8,-1,-1,4.9217,0.2074,-0.00578,0.0489,0,0,0
70,0.45,3,9,15,-1,-1,5.6513,0.1805,-0.01567,0.1894,0,0,0
71,0.45,3,10,12,-1,-1,5.3190,0.1921,-0.01183,0.1285,0,0,0
72,0.45,3,9,13,-1,-1,5.2223,0.1959,-0.01066,0.1191,0,0,0
73,0.45,3,10,16,-1,-1,5.9830,0.1705,-0.01915,0.2758,0,0,0
74,0.45,3,9,6,-1,-1,4.7714,0.2122,-0.00372,0.0323,0,0,0
75,0.45,3,9,15,-1,-1,6.3443,0.1594,-0.02196,0.3112,0,0,0
76,0.45,3,10,23,-1,-1,6.4873,0.1570,-0.02437,0.4731,0,0,0
77,0.45,3,9,12,-1,-1,5.2752,0.1921,-0.01009,0.1042,0,0,0
78,0.45,3,10,28,-1,-1,7.3810,0.1373,-0.03182,0.7492,0,0,0
79,0.45,3,9,6,-1,-1,4.8277,0.2118,-0.00454,0.0326,0,0,0
80,0.45,3,10,13,-1,-1,5.5029,0.1850,-0.01273,0.1335,0,0,0
81,0.45,3,9,21,-1,-1,6.4894,0.1546,-0.02364,0.4326,0,0,0
82,0.45,3,9,17,-1,-1,6.0563,0.1696,-0.01925,0.2580,0,0,0
83,0.45,3,10,19,-1,-1,5.9609,0.1689,-0.01896,0.2936,0,0,0
84,0.45,3,10,12,-1,-1,5.3020,0.1927,-0.01088,0.1150,0,0,0
85,0.45,3,10,19,-1,-1,5.8599,0.1745,-0.01805,0.2762,0,0,0
86,0.45,3,10,17,-1,-1,5.7271,0.1798,-0.01597,0.2051,0,0,0
87,0.45,3,10,15,-1,-1,5.6850,0.1798,-0.01542,0.1991,0,0,0
88,0.45,3,10,23,-1,-1,6.4360,0.1580,-0.02320,0.4200,0,0,0
89,0.45,3,10,15,-1,-1,5.7506,0.1771,-0.01670,0.2047,0,0,0
90,0.45,3,10,8,-1,-1,5.0763,0.1995,-0.00833,0.0649,0,0,0
91,0.45,3,10,16,-1,-1,5.6243,0.1793,-0.01564,0.1983,0,0,0
92,0.45,3,10,17,-1,-1,6.2722,0.1654,-0.02098,0.3342,0,0,0
93,0.45,3,8,82,-1,-1,4.5734,0.2321,0.00000,0.0072,0,0,0
94,0.45,3,10,5,-1,-1,4.9218,0.2079,-0.00522,0.0382,0,0,0
95,0.45,3,10,8,-1,-1,4.9576,0.2068,-0.00610,0.0425,0,0,0
96,0.45,3,10,16,-1,-1,5.9892,0.1688,-0.01853,0.2549,0,0,0
97,0.45,3,9,19,-1,-1,6.3102,0.1632,-0.02205,0.3372,0,0,0
98,0.45,3,10,9,-1,-1,5.0551,0.2000,-0.00709,0.0533,0,0,0
99,0.45,3,9,12,-1,-1,5.2279,0.1938,-0.00977,0.1009,0,0,0
100,0.45,3,10,10,-1,-1,5.2451,0.1951,-0.01009,0.0923,0,0,0
1,0.50,3,9,11,-1,-1,5.5471,0.1877,-0.01358,0.1190,0,0,0
2,0.50,3,9,18,-1,-1,6.5557,0.1568,-0.02421,0.3877,0,0,0
3,0.50,3,8,79,-1,-1,4.5925,0.2237,0.00000,0.0090,0,0,0
4,0.50,3,9,25,-1,-1,6.9339,0.1472,-0.02814,0.6019,0,0,0
5,0.50,3,9,13,-1,-1,5.5545,0.1854,-0.01445,0.1639,0,0,0
6,0.50,3,9,19,-1,-1,5.9169,0.1711,-0.01770,0.2654,0,0,0
7,0.50,3,9,15,-1,-1,5.9284,0.1728,-0.01826,0.2256,0,0,0
8,0.50,3,9,27,-1,-1,6.6603,0.1552,-0.02585,0.5356,0,0,0
9,0.50,3,9,19,-1,-1,5.7328,0.1786,-0.01736,0.2556,0,0,0
10,0.50,3,9,9,-1,-1,5.0982,0.2018,-0.00828,0.0634,0,0,0
11,0.50,3,9,13,-1,-1,5.2829,0.1929,-0.01104,0.1133,0,0,0
12,0.50,3,9,15,-1,-1,5.7076,0.1769,-0.01549,0.2035,0,0,0
13,0.50,3,9,22,-1,-1,6.6136,0.1541,-0.02484,0.4799,0,0,0
14,0.50,3,9,13,-1,-1,5.9476,0.1738,-0.01823,0.2218,0,0,0
15,0.50,3,9,28,-1,-1,6.4281,0.1612,-0.02379,0.4838,0,0,0
16,0.50,3,9,17,-1,-1,6.1019,0.1681,-0.02046,0.3048,0,0,0
17,0.50,3,9,7,-1,-1,4.9070,0.2094,-0.00560,0.0392,0,0,0
18,0.50,3,9,13,-1,-1,5.6108,0.1811,-0.01464,0.1598,0,0,0
19,0.50,3,9,22,-1,-1,6.5638,0.1529,-0.02519,0.4538,0,0,0
20,0.50,3,9,13,-1,-1,5.6543,0.1789,-0.01487,0.1890,0,0,0
21,0.50,3,9,18,-1,-1,6.1930,0.1657,-0.02210,0.3094,0,0,0
22,0.50,3,8,80,-1,-1,4.5772,0.2345,0.00000,0.0041,0,0,0
23,0.50,3,9,18,-1,-1,5.8938,0.1738,-0.01844,0.2732,0,0,0
24,0.50,3,9,16,-1,-1,5.6274,0.1808,-0.01544,0.1951,0,0,0
25,0.50,3,9,23,-1,-1,5.9862,0.1716,-0.01946,0.3273,0,0,0
26,0.50,3,9,12,-1,-1,5.4028,0.1883,-0.01213,0.1321,0,0,0
27,0.50,3,9,25,-1,-1,6.8880,0.1469,-0.02696,0.5474,0,0,0
28,0.50,3,9,15,-1,-1,5.5918,0.1855,-0.01425,0.1687,0,0,0
29,0.50,3,8,81,-1,-1,4.5749,0.2253,0.00000,0.0079,0,0,0
30,0.50,3,9,17,-1,-1,5.8911,0.1759,-0.01796,0.2312,0,0,0
31,0.50,3,9,31,-1,-1,7.0426,0.1452,-0.02902,0.6519,0,0,0
32,0.50,3,9,22,-1,-1,6.6718,0.1524,-0.02609,0.4395,0,0,0
33,0.50,3,9,10,-1,-1,5.1564,0.1988,-0.00848,0.0652,0,0,0
34,0.50,3,9,14,-1,-1,5.9031,0.1754,-0.01789,0.2182,0,0,0
35,0.50,3,8,6,-1,-1,4.7454,0.2145,-0.00336,0.0244,0,0,0
36,0.50,3,9,22,-1,-1,6.3466,0.1597,-0.02291,0.4355,0,0,0
37,0.50,3,8,80,-1,-1,4.5621,0.2343,0.00000,0.0035,0,0,0
38,0.50,3,9,10,-1,-1,5.1970,0.1964,-0.01023,0.0931,0,0,0
39,0.50,3,9,19,-1,-1,5.8697,0.1744,-0.01811,0.2742,0,0,0
40,0.50,3,9,15,-1,-1,5.4623,0.1881,-0.01346,0.1588,0,0,0
41,0.50,3,9,21,-1,-1,6.4091,0.1626,-0.02239,0.3682,0,0,0
42,0.50,3,9,28,-1,-1,6.7450,0.1505,-0.02624,0.5665,0,0,0
43,0.50,3,9,22,-1,-1,6.5262,0.1591,-0.02395,0.4259,0,0,0
44,0.50,3,9,8,-1,-1,5.0395,0.2046,-0.00800,0.0584,0,0,0
45,0.50,3,9,23,-1,-1,6.2503,0.1641,-0.02207,0.4136,0,0,0
46,0.50,3,9,12,-1,-1,5.3109,0.1940,-0.01093,0.1030,0,0,0
47,0.50,3,8,81,-1,-1,4.6011,0.2343,0.00000,0.0082,0,0,0
48,0.50,3,9,11,-1,-1,5.1228,0.2006,-0.00839,0.0720,0,0,0
49,0.50,3,9,22,-1,-1,6.4129,0.1590,-0.02420,0.4222,0,0,0
50,0.50,3,9,19,-1,-1,6.1886,0.1647,-0.02056,0.3226,0,0,0
51,0.50,3,9,17,-1,-1,5.4086,0.1899,-0.01196,0.1523,0,0,0
52,0.50,3,9,19,-1,-1,6.2132,0.1641,-0.02142,0.3393,0,0,0
53,0.50,3,9,11,-1,-1,5.1383,0.2004,-0.00906,0.0845,0,0,0
54,0.50,3,10,23,-1,-1,6.0729,0.1664,-0.02072,0.3782,0,0,0
55,0.50,3,9,13,-1,-1,5.8600,0.1769,-0.01746,0.1949,0,0,0
56,0.50,3,9,17,-1,-1,5.9522,0.1722,-0.01849,0.2714,0,0,0
57,0.50,3,8,14,-1,-1,5.5317,0.1872,-0.01352,0.1490,0,0,0
58,0.50,3,9,22,-1,-1,6.2401,0.1649,-0.02188,0.3718,0,0,0
59,0.50,3,9,10,-1,-1,5.1774,0.1984,-0.00914,0.0803,0,0,0
60,0.50,3,8,83,-1,-1,4.6048,0.2306,0.00000,0.0087,0,0,0
61,0.50,3,9,15,-1,-1,5.8900,0.1743,-0.01780,0.2086,0,0,0
62,0.50,3,8,76,-1,-1,4.6062,0.2202,0.00000,0.0082,0,0,0
63,0.50,3,9,23,-1,-1,6.7974,0.1470,-0.02653,0.4793,0,0,0
64,0.50,3,8,8,-1,-1,4.9433,0.2072,-0.00627,0.0457,0,0,0
65,0.50,3,9,21,-1,-1,6.0612,0.1701,-0.01943,0.3027,0,0,0
66,0.50,3,9,14,-1,-1,5.6356,0.1821,-0.01525,0.1863,0,0,0
67,0.50,3,8,80,-1,-1,4.6223,0.2327,0.00000,0.0118,0,0,0
68,0.50,3,9,23,-1,-1,6.4213,0.1579,-0.02468,0.4700,0,0,0
69,0.50,3,9,8,-1,-1,4.9485,0.2072,-0.00620,0.0494,0,0,0
70,0.50,3,9,15,-1,-1,5.6833,0.1803,-0.01607,0.1932,0,0,0
71,0.50,3,9,12,-1,-1,5.3486,0.1918,-0.01225,0.1302,0,0,0
72,0.50,3,8,14,-1,-1,5.2513,0.1956,-0.01109,0.1312,0,0,0
73,0.50,3,9,16,-1,-1,6.0171,0.1703,-0.01954,0.2804,0,0,0
74,0.50,3,8,6,-1,-1,4.7971,0.2120,-0.00415,0.0304,0,0,0
75,0.50,3,9,16,-1,-1,6.3812,0.1593,-0.02234,0.3310,0,0,0
76,0.50,3,10,23,-1,-1,6.5252,0.1569,-0.02475,0.4760,0,0,0
77,0.50,3,9,12,-1,-1,5.3045,0.1920,-0.01052,0.1085,0,0,0
78,0.50,3,9,28,-1,-1,7.4250,0.1372,-0.03215,0.7570,0,0,0
79,0.50,3,8,6,-1,-1,4.8538,0.2116,-0.00497,0.0295,0,0,0
80,0.50,3,9,13,-1,-1,5.5339,0.1849,-0.01312,0.1391,0,0,0
81,0.50,3,9,21,-1,-1,6.5271,0.1545,-0.02401,0.4394,0,0,0
82,0.50,3,9,17,-1,-1,6.0910,0.1695,-0.01964,0.2610,0,0,0
83,0.50,3,9,19,-1,-1,5.9947,0.1688,-0.01934,0.2916,0,0,0
84,0.50,3,9,13,-1,-1,5.3316,0.1925,-0.01128,0.1245,0,0,0
85,0.50,3,9,19,-1,-1,5.8933,0.1743,-0.01844,0.2838,0,0,0
86,0.50,3,9,17,-1,-1,5.7596,0.1796,-0.01638,0.2084,0,0,0
87,0.50,3,9,15,-1,-1,5.7171,0.1796,-0.01582,0.2049,0,0,0
88,0.50,3,9,23,-1,-1,6.4734,0.1579,-0.02357,0.4240,0,0,0
89,0.50,3,9,15,-1,-1,5.7832,0.1769,-0.01710,0.2087,0,0,0
90,0.50,3,9,9,-1,-1,5.1041,0.1993,-0.00874,0.0694,0,0,0
91,0.50,3,9,17,-1,-1,5.6560,0.1791,-0.01605,0.2144,0,0,0
92,0.50,3,9,17,-1,-1,6.3086,0.1653,-0.02136,0.3386,0,0,0
93,0.50,3,8,82,-1,-1,4.5840,0.2321,0.00000,0.0063,0,0,0
94,0.50,3,9,6,-1,-1,4.9486,0.2077,-0.00564,0.0389,0,0,0
95,0.50,3,9,8,-1,-1,4.9845,0.2066,-0.00652,0.0463,0,0,0
96,0.50,3,9,16,-1,-1,6.0235,0.1687,-0.01893,0.2618,0,0,0
97,0.50,3,9,19,-1,-1,6.3467,0.1631,-0.02242,0.3459,0,0,0
98,0.50,3,9,9,-1,-1,5.0829,0.1999,-0.00751,0.0564,0,0,0
99,0.50,3,9,12,-1,-1,5.2570,0.1937,-0.01017,0.1000,0,0,0
100,0.50,3,9,10,-1,-1,5.2741,0.1949,-0.01052,0.0928,0,0,0
1,0.55,3,8,11,-1,-1,5.5783,0.1875,-0.01396,0.1231,0,0,0
2,0.55,3,8,19,-1,-1,6.5942,0.1566,-0.02458,0.4078,0,0,0
3,0.55,3,7,79,-1,-1,4.5988,0.2237,0.00000,0.0061,0,0,0
4,0.55,3,9,26,-1,-1,6.9750,0.1470,-0.02849,0.6193,0,0,0
5,0.55,3,8,13,-1,-1,5.5859,0.1852,-0.01487,0.1671,0,0,0
6,0.55,3,8,20,-1,-1,5.9507,0.1710,-0.01810,0.2824,0,0,0
7,0.55,3,8,16,-1,-1,5.9624,0.1726,-0.01865,0.2447,0,0,0
8,0.55,3,9,27,-1,-1,6.6994,0.1550,-0.02621,0.5412,0,0,0
9,0.55,3,8,19,-1,-1,5.7644,0.1783,-0.01776,0.2629,0,0,0
10,0.55,3,8,10,-1,-1,5.1265,0.2016,-0.00869,0.0711,0,0,0
11,0.55,3,8,13,-1,-1,5.3124,0.1927,-0.01147,0.1165,0,0,0
12,0.55,3,8,16,-1,-1,5.7400,0.1768,-0.01590,0.2180,0,0,0
13,0.55,3,8,22,-1,-1,6.6524,0.1539,-0.02520,0.4831,0,0,0
14,0.55,3,8,13,-1,-1,5.9818,0.1736,-0.01863,0.2297,0,0,0
15,0.55,3,8,28,-1,-1,6.4655,0.1610,-0.02416,0.4948,0,0,0
16,0.55,3,9,17,-1,-1,6.1369,0.1679,-0.02085,0.3127,0,0,0
17,0.55,3,8,7,-1,-1,4.9335,0.2091,-0.00602,0.0415,0,0,0
18,0.55,3,8,13,-1,-1,5.6426,0.1809,-0.01505,0.1589,0,0,0
19,0.55,3,8,22,-1,-1,6.6022,0.1528,-0.02556,0.4653,0,0,0
20,0.55,3,8,14,-1,-1,5.6863,0.1788,-0.01528,0.2027,0,0,0
21,0.55,3,8,19,-1,-1,6.2288,0.1655,-0.02248,0.3292,0,0,0
22,0.55,3,7,80,-1,-1,4.6225,0.2349,0.00000,0.0084,0,0,0
23,0.55,3,9,18,-1,-1,5.9275,0.1736,-0.01883,0.2796,0,0,0
24,0.55,3,8,16,-1,-1,5.6592,0.1806,-0.01585,0.2013,0,0,0
25,0.55,3,8,23,-1,-1,6.0206,0.1714,-0.01985,0.3344,0,0,0
26,0.55,3,8,12,-1,-1,5.4330,0.1881,-0.01255,0.1320,0,0,0
27,0.55,3,9,25,-1,-1,6.9285,0.1468,-0.02731,0.5561,0,0,0
28,0.55,3,8,15,-1,-1,5.6233,0.1853,-0.01466,0.1706,0,0,0
29,0.55,3,7,81,-1,-1,4.6011,0.2253,0.00000,0.0070,0,0,0
30,0.55,3,9,17,-1,-1,5.9246,0.1757,-0.01835,0.2353,0,0,0
31,0.55,3,9,31,-1,-1,7.0846,0.1451,-0.02937,0.6606,0,0,0
32,0.55,3,9,23,-1,-1,6.7108,0.1523,-0.02645,0.4602,0,0,0
33,0.55,3,8,11,-1,-1,5.1851,0.1987,-0.00889,0.0754,0,0,0
34,0.55,3,8,15,-1,-1,5.9370,0.1752,-0.01829,0.2298,0,0,0
35,0.55,3,7,6,-1,-1,4.7710,0.2143,-0.00379,0.0264,0,0,0
36,0.55,3,9,22,-1,-1,6.3835,0.1596,-0.02329,0.4438,0,0,0
37,0.55,3,7,80,-1,-1,4.5907,0.2336,0.00000,0.0062,0,0,0
38,0.55,3,8,10,-1,-1,5.2258,0.1962,-0.01066,0.0944,0,0,0
39,0.55,3,8,19,-1,-1,5.9033,0.1743,-0.01851,0.2768,0,0,0
40,0.55,3,8,15,-1,-1,5.4930,0.1878,-0.01388,0.1640,0,0,0
41,0.55,3,8,21,-1,-1,6.4466,0.1624,-0.02277,0.3739,0,0,0
42,0.55,3,9,28,-1,-1,6.7846,0.1504,-0.02660,0.5724,0,0,0
43,0.55,3,8,22,-1,-1,6.5642,0.1589,-0.02432,0.4338,0,0,0
44,0.55,3,8,9,-1,-1,5.0672,0.2043,-0.00841,0.0658,0,0,0
45,0.55,3,9,23,-1,-1,6.2864,0.1639,-0.02244,0.4252,0,0,0
46,0.55,3,8,12,-1,-1,5.3405,0.1938,-0.01133,0.1101,0,0,0
47,0.55,3,7,81,-1,-1,4.6044,0.2343,0.00000,0.0091,0,0,0
48,0.55,3,9,11,-1,-1,5.1511,0.2004,-0.00880,0.0775,0,0,0
49,0.55,3,8,22,-1,-1,6.4503,0.1588,-0.02456,0.4293,0,0,0
50,0.55,3,8,19,-1,-1,6.2244,0.1646,-0.02094,0.3286,0,0,0
51,0.55,3,8,17,-1,-1,5.4388,0.1897,-0.01235,0.1579,0,0,0
52,0.55,3,9,19,-1,-1,6.2491,0.1639,-0.02180,0.3519,0,0,0
53,0.55,3,9,11,-1,-1,5.1666,0.2000,-0.00949,0.0857,0,0,0
54,0.55,3,9,24,-1,-1,6.1078,0.1662,-0.02111,0.3950,0,0,0
55,0.55,3,9,14,-1,-1,5.8933,0.1767,-0.01786,0.2117,0,0,0
56,0.55,3,9,17,-1,-1,5.9864,0.1720,-0.01889,0.2727,0,0,0
57,0.55,3,8,14,-1,-1,5.5629,0.1870,-0.01391,0.1516,0,0,0
58,0.55,3,8,23,-1,-1,6.2762,0.1647,-0.02226,0.3897,0,0,0
59,0.55,3,8,10,-1,-1,5.2060,0.1982,-0.00958,0.0821,0,0,0
60,0.55,3,7,83,-1,-1,4.6232,0.2306,0.00000,0.0117,0,0,0
61,0.55,3,8,15,-1,-1,5.9237,0.1741,-0.01820,0.2185,0,0,0
62,0.55,3,8,76,-1,-1,4.6300,0.2202,0.00000,0.0087,0,0,0
63,0.55,3,9,23,-1,-1,6.8375,0.1469,-0.02689,0.4843,0,0,0
64,0.55,3,8,8,-1,-1,4.9704,0.2070,-0.00669,0.0460,0,0,0
65,0.55,3,8,21,-1,-1,6.0961,0.1699,-0.01982,0.3104,0,0,0
66,0.55,3,8,15,-1,-1,5.6676,0.1819,-0.01566,0.1990,0,0,0
67,0.55,3,7,80,-1,-1,4.5766,0.2326,0.00000,0.0067,0,0,0
68,0.55,3,8,24,-1,-1,6.4585,0.1577,-0.02505,0.4905,0,0,0
69,0.55,3,8,9,-1,-1,4.9756,0.2069,-0.00662,0.0540,0,0,0
70,0.55,3,8,15,-1,-1,5.7156,0.1801,-0.01648,0.1987,0,0,0
71,0.55,3,8,12,-1,-1,5.3785,0.1916,-0.01268,0.1358,0,0,0
72,0.55,3,8,14,-1,-1,5.2805,0.1952,-0.01153,0.1337,0,0,0
73,0.55,3,9,17,-1,-1,6.0516,0.1701,-0.01993,0.2969,0,0,0
74,0.55,3,8,6,-1,-1,4.8230,0.2118,-0.00457,0.0309,0,0,0
75,0.55,3,8,16,-1,-1,6.4184,0.1592,-0.02272,0.3312,0,0,0
76,0.55,3,9,23,-1,-1,6.5634,0.1567,-0.02512,0.4834,0,0,0
77,0.55,3,8,12,-1,-1,5.3341,0.1919,-0.01095,0.1115,0,0,0
78,0.55,3,8,28,-1,-1,7.4694,0.1370,-0.03249,0.7682,0,0,0
79,0.55,3,8,6,-1,-1,4.8801,0.2114,-0.00539,0.0305,0,0,0
80,0.55,3,9,13,-1,-1,5.5652,0.1848,-0.01351,0.1413,0,0,0
81,0.55,3,8,21,-1,-1,6.5652,0.1544,-0.02438,0.4465,0,0,0
82,0.55,3,8,17,-1,-1,6.1261,0.1694,-0.02003,0.2661,0,0,0
83,0.55,3,8,20,-1,-1,6.0289,0.1687,-0.01973,0.3089,0,0,0
84,0.55,3,8,13,-1,-1,5.3614,0.1923,-0.01167,0.1298,0,0,0
85,0.55,3,9,19,-1,-1,5.9271,0.1741,-0.01884,0.2900,0,0,0
86,0.55,3,8,17,-1,-1,5.7924,0.1794,-0.01678,0.2105,0,0,0
87,0.55,3,9,16,-1,-1,5.7495,0.1795,-0.01623,0.2162,0,0,0
88,0.55,3,8,23,-1,-1,6.5112,0.1578,-0.02394,0.4333,0,0,0
89,0.55,3,9,16,-1,-1,5.8162,0.1767,-0.01750,0.2232,0,0,0
90,0.55,3,8,9,-1,-1,5.1322,0.1991,-0.00914,0.0723,0,0,0
91,0.55,3,8,17,-1,-1,5.6881,0.1789,-0.01646,0.2175,0,0,0
92,0.55,3,8,17,-1,-1,6.3453,0.1652,-0.02174,0.3435,0,0,0
93,0.55,3,7,82,-1,-1,4.5606,0.2321,0.00000,0.0030,0,0,0
94,0.55,3,9,6,-1,-1,4.9757,0.2075,-0.00606,0.0405,0,0,0
95,0.55,3,8,8,-1,-1,5.0116,0.2064,-0.00693,0.0491,0,0,0
96,0.55,3,9,16,-1,-1,6.0581,0.1686,-0.01932,0.2632,0,0,0
97,0.55,3,8,19,-1,-1,6.3837,0.1629,-0.02280,0.3508,0,0,0
98,0.55,3,9,9,-1,-1,5.1109,0.1998,-0.00792,0.0589,0,0,0
99,0.55,3,8,13,-1,-1,5.2863,0.1935,-0.01057,0.1113,0,0,0
100,0.55,3,8,11,-1,-1,5.3033,0.1947,-0.01095,0.1022,0,0,0
1,0.60,3,8,11,-1,-1,5.6098,0.1873,-0.01435,0.1285,0,0,0
2,0.60,3,8,19,-1,-1,6.6331,0.1565,-0.02495,0.4143,0,0,0
3,0.60,3,7,79,-1,-1,4.6210,0.2237,0.00000,0.0076,0,0,0
4,0.60,3,8,26,-1,-1,7.0165,0.1469,-0.02884,0.6313,0,0,0
5,0.60,3,8,13,-1,-1,5.6176,0.1850,-0.01528,0.1697,0,0,0
6,0.60,3,8,20,-1,-1,5.9848,0.1709,-0.01850,0.2862,0,0,0
7,0.60,3,8,16,-1,-1,5.9967,0.1724,-0.01905,0.2500,0,0,0
8,0.60,3,8,27,-1,-1,6.7388,0.1547,-0.02657,0.5513,0,0,0
9,0.60,3,8,19,-1,-1,5.7964,0.1780,-0.01816,0.2704,0,0,0
10,0.60,3,8,10,-1,-1,5.1551,0.2014,-0.00910,0.0761,0,0,0
11,0.60,3,8,13,-1,-1,5.3421,0.1924,-0.01190,0.1233,0,0,0
12,0.60,3,8,16,-1,-1,5.7728,0.1767,-0.01631,0.2231,0,0,0
13,0.60,3,8,22,-1,-1,6.6915,0.1537,-0.02556,0.4958,0,0,0
14,0.60,3,8,14,-1,-1,6.0163,0.1734,-0.01902,0.2422,0,0,0
15,0.60,3,8,28,-1,-1,6.5032,0.1607,-0.02454,0.5041,0,0,0
16,0.60,3,8,17,-1,-1,6.1723,0.1677,-0.02123,0.3196,0,0,0
17,0.60,3,8,7,-1,-1,4.9604,0.2088,-0.00644,0.0440,0,0,0
18,0.60,3,8,13,-1,-1,5.6748,0.1807,-0.01546,0.1679,0,0,0
19,0.60,3,8,22,-1,-1,6.6410,0.1527,-0.02592,0.4687,0,0,0
20,0.60,3,8,14,-1,-1,5.7187,0.1787,-0.01569,0.2070,0,0,0
21,0.60,3,8,19,-1,-1,6.2649,0.1653,-0.02285,0.3323,0,0,0
22,0.60,3,7,80,-1,-1,4.5946,0.2354,0.00000,0.0083,0,0,0
23,0.60,3,8,18,-1,-1,5.9615,0.1734,-0.01923,0.2814,0,0,0
24,0.60,3,8,16,-1,-1,5.6914,0.1804,-0.01625,0.2079,0,0,0
25,0.60,3,8,23,-1,-1,6.0554,0.1712,-0.02024,0.3427,0,0,0
26,0.60,3,8,12,-1,-1,5.4635,0.1879,-0.01297,0.1387,0,0,0
27,0.60,3,8,25,-1,-1,6.9693,0.1467,-0.02767,0.5610,0,0,0
28,0.60,3,8,15,-1,-1,5.6551,0.1851,-0.01508,0.1756,0,0,0
29,0.60,3,7,81,-1,-1,4.5798,0.2253,0.00000,0.0068,0,0,0
30,0.60,3,8,17,-1,-1,5.9584,0.1755,-0.01875,0.2407,0,0,0
31,0.60,3,8,31,-1,-1,7.1268,0.1449,-0.02971,0.6740,0,0,0
32,0.60,3,8,23,-1,-1,6.7502,0.1521,-0.02681,0.4647,0,0,0
33,0.60,3,8,11,-1,-1,5.2140,0.1985,-0.00930,0.0782,0,0,0
34,0.60,3,8,15,-1,-1,5.9712,0.1750,-0.01868,0.2369,0,0,0
35,0.60,3,7,7,-1,-1,4.7968,0.2140,-0.00422,0.0291,0,0,0
36,0.60,3,8,22,-1,-1,6.4207,0.1595,-0.02367,0.4508,0,0,0
37,0.60,3,7,80,-1,-1,4.5782,0.2347,0.00000,0.0067,0,0,0
38,0.60,3,8,11,-1,-1,5.2548,0.1959,-0.01109,0.1070,0,0,0
39,0.60,3,8,19,-1,-1,5.9373,0.1741,-0.01891,0.2847,0,0,0
40,0.60,3,8,16,-1,-1,5.5240,0.1875,-0.01430,0.1770,0,0,0
41,0.60,3,8,21,-1,-1,6.4845,0.1622,-0.02315,0.3776,0,0,0
42,0.60,3,8,28,-1,-1,6.8247,0.1502,-0.02696,0.5820,0,0,0
43,0.60,3,8,22,-1,-1,6.6025,0.1588,-0.02469,0.4412,0,0,0
44,0.60,3,8,9,-1,-1,5.0951,0.2040,-0.00882,0.0686,0,0,0
45,0.60,3,8,23,-1,-1,6.3229,0.1637,-0.02282,0.4309,0,0,0
46,0.60,3,8,12,-1,-1,5.3704,0.1936,-0.01173,0.1130,0,0,0
47,0.60,3,7,81,-1,-1,4.6011,0.2343,0.00000,0.0073,0,0,0
48,0.60,3,8,11,-1,-1,5.1796,0.2002,-0.00921,0.0785,0,0,0
49,0.60,3,8,22,-1,-1,6.4881,0.1586,-0.02493,0.4381,0,0,0
50,0.60,3,8,19,-1,-1,6.2604,0.1644,-0.02133,0.3320,0,0,0
51,0.60,3,8,17,-1,-1,5.4693,0.1895,-0.01274,0.1613,0,0,0
52,0.60,3,8,19,-1,-1,6.2853,0.1638,-0.02218,0.3517,0,0,0
53,0.60,3,8,11,-1,-1,5.1952,0.1996,-0.00993,0.0917,0,0,0
54,0.60,3,8,24,-1,-1,6.1431,0.1660,-0.02149,0.4000,0,0,0
55,0.60,3,8,14,-1,-1,5.9269,0.1765,-0.01826,0.2170,0,0,0
56,0.60,3,8,18,-1,-1,6.0209,0.1718,-0.01928,0.2898,0,0,0
57,0.60,3,7,14,-1,-1,5.5944,0.1868,-0.01430,0.1547,0,0,0
58,0.60,3,8,23,-1,-1,6.3127,0.1646,-0.02264,0.3998,0,0,0
59,0.60,3,8,11,-1,-1,5.2350,0.1979,-0.01001,0.0929,0,0,0
60,0.60,3,7,83,-1,-1,4.6048,0.2306,0.00000,0.0086,0,0,0
61,0.60,3,8,15,-1,-1,5.9576,0.1739,-0.01859,0.2209,0,0,0
62,0.60,3,7,76,-1,-1,4.5892,0.2202,0.00000,0.0065,0,0,0
63,0.60,3,8,23,-1,-1,6.8779,0.1468,-0.02724,0.4908,0,0,0
64,0.60,3,7,8,-1,-1,4.9978,0.2068,-0.00711,0.0493,0,0,0
65,0.60,3,8,21,-1,-1,6.1314,0.1697,-0.02021,0.3151,0,0,0
66,0.60,3,8,16,-1,-1,5.6999,0.1817,-0.01607,0.2116,0,0,0
67,0.60,3,7,80,-1,-1,4.5832,0.2341,0.00000,0.0083,0,0,0
68,0.60,3,8,24,-1,-1,6.4961,0.1575,-0.02542,0.4985,0,0,0
69,0.60,3,8,9,-1,-1,5.0029,0.2066,-0.00704,0.0604,0,0,0
70,0.60,3,8,15,-1,-1,5.7482,0.1799,-0.01689,0.2026,0,0,0
71,0.60,3,8,12,-1,-1,5.4087,0.1913,-0.01310,0.1378,0,0,0
72,0.60,3,7,14,-1,-1,5.3101,0.1948,-0.01196,0.1368,0,0,0
73,0.60,3,8,17,-1,-1,6.0864,0.1699,-0.02031,0.3004,0,0,0
74,0.60,3,7,6,-1,-1,4.8492,0.2115,-0.00500,0.0325,0,0,0
75,0.60,3,8,16,-1,-1,6.4559,0.1591,-0.02310,0.3401,0,0,0
76,0.60,3,8,23,-1,-1,6.6019,0.1565,-0.02549,0.4933,0,0,0
77,0.60,3,8,12,-1,-1,5.3639,0.1918,-0.01138,0.1155,0,0,0
78,0.60,3,8,28,-1,-1,7.5142,0.1369,-0.03282,0.7772,0,0,0
79,0.60,3,7,6,-1,-1,4.9067,0.2112,-0.00581,0.0344,0,0,0
80,0.60,3,8,13,-1,-1,5.5968,0.1846,-0.01390,0.1476,0,0,0
81,0.60,3,8,21,-1,-1,6.6037,0.1543,-0.02474,0.4538,0,0,0
82,0.60,3,8,18,-1,-1,6.1615,0.1692,-0.02041,0.2827,0,0,0
83,0.60,3,8,20,-1,-1,6.0633,0.1685,-0.02012,0.3186,0,0,0
84,0.60,3,8,14,-1,-1,5.3915,0.1921,-0.01210,0.1430,0,0,0
85,0.60,3,8,19,-1,-1,5.9611,0.1739,-0.01923,0.2943,0,0,0
86,0.60,3,8,17,-1,-1,5.8255,0.1793,-0.01719,0.2183,0,0,0
87,0.60,3,8,16,-1,-1,5.7822,0.1793,-0.01663,0.2256,0,0,0
88,0.60,3,8,23,-1,-1,6.5492,0.1576,-0.02431,0.4361,0,0,0
89,0.60,3,8,16,-1,-1,5.8494,0.1765,-0.01790,0.2298,0,0,0
90,0.60,3,8,9,-1,-1,5.1605,0.1989,-0.00955,0.0801,0,0,0
91,0.60,3,9,17,-1,-1,5.7204,0.1787,-0.01686,0.2430,0,0,0
92,0.60,3,8,17,-1,-1,6.3823,0.1650,-0.02212,0.3536,0,0,0
93,0.60,3,7,82,-1,-1,4.6014,0.2321,0.00000,0.0076,0,0,0
94,0.60,3,8,7,-1,-1,5.0030,0.2073,-0.00648,0.0426,0,0,0
95,0.60,3,8,8,-1,-1,5.0391,0.2062,-0.00735,0.0523,0,0,0
96,0.60,3,8,16,-1,-1,6.0931,0.1685,-0.01971,0.2701,0,0,0
97,0.60,3,8,19,-1,-1,6.4209,0.1627,-0.02318,0.3563,0,0,0
98,0.60,3,8,9,-1,-1,5.1392,0.1997,-0.00833,0.0602,0,0,0
99,0.60,3,8,13,-1,-1,5.3159,0.1933,-0.01098,0.1139,0,0,0
100,0.60,3,8,11,-1,-1,5.3329,0.1945,-0.01138,0.1080,0,0,0
